country,founded,id,industry,linkedin_url,locality,name,region,size,website
germany,,veTDODnUBWiBtTBOPzhB5QFaRPlK,retail,linkedin.com/company/pelzhaus-plappert,mannheim,pelzhaus plappert,baden-württemberg,11-50,plappert.de
germany,2007,Eu5sJXqbzAwBs0nCLnBfVQRmtzVL,retail,linkedin.com/company/leh-vertrieb-gmbh,kleinmachnow,leh-vertrieb gmbh,brandenburg,51-200,leh-vertrieb.de
germany,2015,bq5pRD002TQN9acxRZanQgrdlnfr,retail,linkedin.com/company/smokersparadise-gmbh,landsberg,smokersparadise gmbh,bavaria,1-10,smokers-paradise.com
germany,,dSXO3wYatmlUqT0dxs4Qwg938pIu,retail,linkedin.com/company/flowers-and-home,oberriexingen,flowers and home,baden-württemberg,11-50,flowersandhome.de
germany,,vWN6eV9FGFB9yAhHbj380wCMFXDj,retail,linkedin.com/company/buchhandlung-das-buch,lauterbach,buchhandlung das buch,hesse,1-10,dasbuch-lauterbach.de
germany,,8KbU9wEv6DCX7KcQIEniBgVD4J8W,retail,linkedin.com/company/olympia-fitness-store,laatzen,olympia fitness store,lower saxony,1-10,olympia-fitness-store.de
germany,,ddQfb69YDkCQRNAsUBkMTASP9Y0L,retail,linkedin.com/company/kräuterwerkstatt-teeturm,pfronten,kräuterwerkstatt teeturm,bavaria,1-10,kraeuterwerkstatt.com
germany,,LwQGp49opNlUv6Vht7q5WgfBzq0U,retail,linkedin.com/company/kfz-service-röttgen,erftstadt,kfz-service röttgen,north rhine-westphalia,1-10,kfz-roettgen.de
germany,,aU4VXeCOXf6WBYr28VI77gEuUNMW,retail,linkedin.com/company/reifen-merter-reifenfachhandel,winterberg,reifen merter reifenfachhandel,north rhine-westphalia,1-10,reifen-merter.de
germany,1879,jz8rZJ4wW60VvqwBEC2ETAUnL5oj,retail,linkedin.com/company/gebr--heinemann,hamburg,gebr. heinemann,hamburg,5001-10000,gebr-heinemann.de
germany,,rPx0CC7QzAorBdPHnrH8EwSiCY6m,retail,linkedin.com/company/alexa’s-vintage-retro-fashion-store,freilassing,alexa’s vintage retro-fashion-store,bavaria,1-10,
germany,,bXjP3D7pD1KdQW834hcDxgNBB5M2,retail,linkedin.com/company/stöberland-wohnen-&-mehr…,altena,stöberland wohnen & mehr…,north rhine-westphalia,1-10,stoeberland-altena.de
germany,,V4FvBKaDeryBXNDNFK5wig3OmUeH,retail,linkedin.com/company/schmuck-und-geschenke,berlin,schmuck und geschenke,berlin,1-10,
germany,,3Btl2xyGmcNlDB2UInXqJgxoum2c,retail,linkedin.com/company/sandata-edv-systemhaus-gmbh,neutraubling,sandata edv systemhaus gmbh,bavaria,1-10,sandata.de
germany,,SPCz3nLIUhqagpvq5I4xnwF1tfCO,retail,linkedin.com/company/bicisport-colosimo,berlin,bicisport colosimo,berlin,1-10,bicisport.de
germany,1900,BIOdBQITtm55ThIPemWfQQTNu7Sp,retail,linkedin.com/company/parfümerie-kosmetiksalon-meyer,herzogenrath,parfümerie kosmetiksalon meyer,north rhine-westphalia,1-10,parfuemerie-kosmetiksalon-meyer.de
germany,,DD66VJBZCpajjhfnfygdmAjl3Drm,retail,linkedin.com/company/autohof-bad-dürrenberg,nempitz,autohof bad dürrenberg,saxony-anhalt,1-10,
germany,2009,iPKwYGHlZnAN8ZU5m2TQBA42Vlpx,retail,linkedin.com/company/reich-online-services-gmbh-member-of-calida-group,bruckmühl,calida group digital gmbh,bavaria,201-500,calidagroup.com
germany,,gds52F7cHVeC8tBEQHfJ6gJsWoU3,retail,linkedin.com/company/biobenni,ahorn,biobenni,bavaria,1-10,biobenni.de
germany,,M8a7874LNf3eDgXl2eqP1wSMc8VA,retail,linkedin.com/company/salussystems,schorndorf,salus systems,baden-württemberg,1-10,salus-systems.de
germany,,cRmnuf5ECLstzB8kWtbXwg5ziPDC,retail,linkedin.com/company/famo-fahrzeug--und-motorenteile,dresden,famo fahrzeug- und motorenteile,saxony,1-10,
germany,1991,DIkrMk7DMdB4cmC0zWDU3w61urHB,retail,linkedin.com/company/mobau-moderner-baubedarf,halle,mobau moderner baubedarf gmbh,saxony-anhalt,51-200,mobau-halle.de
germany,,oKvKtHYgPKRhvNmUFqMSYwg7QqWt,retail,linkedin.com/company/koolstop,leer,koolstop,lower saxony,11-50,koolstop.eu
germany,,Xr19hd8AY7XZwJEewrxZywJKxyJZ,retail,linkedin.com/company/haus-der-kleinen-geschenke,erlangen,haus der kleinen geschenke,bavaria,1-10,haus-der-kleinen-geschenke.de
germany,,eUY0qkly8Wb4kI4AJ7EnRw2bZL63,retail,linkedin.com/company/hagedorn-&-pelchen-gbr,schloß holte-stukenbrock,hagedorn & pelchen gbr,north rhine-westphalia,1-10,hagedorn-pelchen.de
germany,,pkEXskn7gklyXDd7CVYF2AY4YzXM,retail,linkedin.com/company/citroën-autohaus-lamertz,frankfurt,citroën autohaus lamertz,hesse,1-10,
germany,,QsDC092F7UaOwxXaduXfQgwaiKG7,retail,linkedin.com/company/citalea,zossen,citalea,brandenburg,1-10,citalea.com
germany,,PBb1kPA27DehFJCfXYOy8Q6CDztj,retail,linkedin.com/company/dive-king,fulda,dive-king,hesse,11-50,dive-king.de
germany,1999,g4fpef1cz7pypT3jjhgd9w0H9Mq9,retail,linkedin.com/company/klassen-automobile,minden,klassen® - automobile gmbh,north rhine-westphalia,11-50,klassen.vip
germany,,gpIRjM0tTQ3CryYiFCNKAgMzmJOM,retail,linkedin.com/company/angle-vert,konz,angle vert,rhineland-palatinate,1-10,anglevert.lu
germany,,fDKI7OTV2uOfDk0fBQoFxgstviEI,retail,linkedin.com/company/mishumotors-gmbh,wiesbaden,mishumotors gmbh,hesse,1-10,mishumotors.com
germany,,CnPbfwsCsKE9uiDBsYv5dACYFrjp,retail,linkedin.com/company/verband-deutscher-gartencenter-e-v-,grafschaft,verband deutscher gartencenter e.v.,rhineland-palatinate,1-10,
germany,2021,lBLaDXOAikZY4k0J5CEWLAVSdGAQ,retail,linkedin.com/company/cookieshamburg,,cookieshamburg,hamburg,1-10,etsy.com/shop/cookieshamburg
germany,,QuReiBi6B3NevGpKpcYfPg1cimo9,retail,linkedin.com/company/iconik-europe-gmbh,mannheim,iconik europe,baden-württemberg,51-200,iconik.ie
germany,,1QB5LERTItiRzvC8Eko7tg6eg59o,retail,linkedin.com/company/acmetesting,cologne,acmetesting,north rhine-westphalia,51-200,
germany,2022,s3N2JUWC8ouCQAukSatPLQ0OaSpx,retail,linkedin.com/company/repot,frankfurt,repot,hesse,1-10,repot.shop
germany,2015,AnhwBeKbqRKqjKNRbl7aBgRnFntI,retail,linkedin.com/company/echolotprofis,viersen,echolotprofis,north rhine-westphalia,11-50,
germany,,eB9nvV0AtBeXDuCxrx5zkQ2ot04m,retail,linkedin.com/company/reco-sport,lauchringen,reco sport,baden-württemberg,1-10,reco-sport.ch
germany,,eZ148mx5Zh89hCwChUfeIQmM7UnZ,retail,linkedin.com/company/gior---deko-neb.-berufl.-selbstst-ndigkeit,,gior - deko / neb. berufl. selbstständigkeit,,1-10,gior-deko.de
germany,2011,C8MU2P9pdSck96K2mFPCmAv40Vhp,retail,linkedin.com/company/schmatzepuffer,bocholt,schmatzepuffer® gmbh,north rhine-westphalia,51-200,schmatzepuffer.com
germany,,lcCnkBF03Iu2S6FiWCF5DwKJNXk7,retail,linkedin.com/company/auto-kopp-gmbh-&-co.-kg,georgensgmünd,auto kopp gmbh & co. kg,bavaria,1-10,auto-kopp.de
germany,,rKaGekWrv0YgjLzvQPHWigheJODa,retail,linkedin.com/company/deutscher-handelskongress,frankfurt,deutscher handelskongress,hesse,1-10,handelskongress.de
germany,,TAfivqUSa1Td3zl3UNtrDAWe9tKI,retail,linkedin.com/company/ostendorf-gmbh-autorisierter-mercedes-benz-verkauf-und-service,soest,ostendorf gmbh autorisierter mercedes-benz verkauf und service,north rhine-westphalia,201-500,mercedes-benz-ostendorf.de
germany,,ieOXJDbd60NUCUl1LH3SOwUcVn5o,retail,linkedin.com/company/diamonds-&-more,gießen,diamonds & more,hesse,1-10,diamondsandmore.de
germany,,3D39NhYVBHVgElLgj82MCgqFds3Z,retail,linkedin.com/company/dragonskull,bruck in der oberpfalz,dragonskull,bavaria,1-10,dragonskull.de
germany,,CTpbv8k8qvdtCH32sOVzpAX6M8v4,retail,linkedin.com/company/autohaus-jordt,schleswig,autohaus jordt,schleswig-holstein,11-50,autohausjordt.de
germany,,bTSqfzbCPdjfd4VbuDlB6QCXQFQg,retail,linkedin.com/company/blumen-g.-schulz,bückeburg,blumen g. schulz,lower saxony,1-10,
germany,,KXcfkqbPgcDT2t9Umx9viwhZw7XI,retail,linkedin.com/company/bruno’s-outlet,berlin,bruno’s outlet,berlin,1-10,
germany,,TahnKtlQASSJceuVfyCSiguG8QWz,retail,linkedin.com/company/xtreme-dampf,schwegenheim,xtreme-dampf,rhineland-palatinate,11-50,xtreme-dampf.de
germany,,LJrebw4BDwUtVN8J71gR8QOtS4pm,retail,linkedin.com/company/musikschule-dießener,dießen am ammersee,musikschule dießener,bavaria,1-10,blechblueten.de
germany,,UyOpGHQEKdSpjxaPEAnhjgedAcXU,retail,linkedin.com/company/pappsalon,itzehoe,pappsalon,schleswig-holstein,1-10,pappsalon.com
germany,2020,ExDwa805d7elBvWOkP9qWgD2KMGK,retail,linkedin.com/company/unverpackt-berlin,berlin,unverpackt berlin,berlin,1-10,unverpackt-berlin.jimdosite.com
germany,,QHCAyPWWt5ssOxclPHbTBAQZh5Hm,retail,linkedin.com/company/küchen-design-dessau-gmbh-liefer--u.-montageservice-kundendienst,dessau,küchen design dessau gmbh liefer- u. montageservice kundendienst,saxony-anhalt,1-10,küchen-design-dessau.de
germany,,DpATB9bgCuT2MBkBGX0spAsLpTv3,retail,linkedin.com/company/autohaus-seipel-&-seipel-ohg-toyota-vertragshändler,nidderau,autohaus seipel & seipel ohg toyota-vertragshändler,hesse,1-10,toyota-nidderau.de
germany,,22rN0FE17gWpFckHGDd6FgWFELxO,retail,linkedin.com/company/lexus-forum-wesel,wesel,lexus forum wesel,north rhine-westphalia,1-10,lexusforum-wesel.de
germany,2003,JeQDk85zIAC84CPPAQoW0g8euG5h,retail,linkedin.com/company/nordisches-handwerk,lübeck,nordisches handwerk e.k. - inh. janet fischer,schleswig-holstein,1-10,nordisches-handwerk.de
germany,1995,xvOGHDeCJOPEboU55ookFwD4ASWN,retail,linkedin.com/company/planet-computer-&-media,donauwörth,planet computer & media,bavaria,1-10,planetmedia.de
germany,,Q5XaVQFWMzNWBBvmBk9n1A2djAaH,retail,linkedin.com/company/la-franca,gaggenau,la franca,baden-württemberg,1-10,
germany,,XBCCOsZzJBV9BqmSbBtv6QzF6XYA,retail,linkedin.com/company/herkommer-gutbrod,ingolstadt,herkommer + gutbrod gmbh & co kg,bavaria,1-10,herkommer-gutbrod.de
germany,,t7WkNPUeCFh4Om0XTTPmfggBI9lW,retail,linkedin.com/company/rudolf-geberzahn,cologne,rudolf geberzahn gmbh & co kg,north rhine-westphalia,11-50,
germany,,ISYZ5tQhFqkUrcGaHK8PHwAPdBdv,retail,linkedin.com/company/ricardo-paul-wohndesign-gmbh,lüneburg,ricardo paul wohndesign gmbh,lower saxony,1-10,ricardo-paul.de
germany,,g8ilqC1LLeW4kixzB02l9w12HR6B,retail,linkedin.com/company/nüssle,nagold,nüssle,baden-württemberg,1-10,nuessle-ohg.de
germany,,YYtUzkiLWeEHAGKVMNmwVQlQZLZE,retail,linkedin.com/company/lux-augenoptik-gmbh-&-co.-kg,oranienburg,lux-augenoptik gmbh & co. kg,brandenburg,1-10,lux-augenoptik.de
germany,,vtdXqz7tIu9EsBGMHiIm6gBXTzI1,retail,linkedin.com/company/eken-automobile,ransbach-baumbach,eken automobile,rhineland-palatinate,1-10,eken-automobile.de
germany,,OWEphBdVmtsXwA1YFiLgGwuAHFeV,retail,linkedin.com/company/berliner-montage-konzept-katrin-kuhle,panketal,berliner montage konzept katrin kuhle,brandenburg,11-50,bmk-kuechen.de
germany,,4XsdLdnFtftCmiXMj1TxiQ0uKnhI,retail,linkedin.com/company/die-stoff-laube,schwetzingen,die stoff-laube,baden-württemberg,1-10,diestofflaube.de
germany,2020,1BZIwZgkrUU8oFox2Ovz5QMPSBBF,retail,linkedin.com/company/ybe-experiments,berlin,ybe - your biotech experiments ug,berlin,1-10,ybe-experiments.de
germany,,o0sVxXy7aHJBJiuPMuONRAoVXHv4,retail,linkedin.com/company/d-&-n-lederwaren,hachenburg,d & n lederwaren,rhineland-palatinate,1-10,dn-lederwaren.de
germany,,yPm0eD8f0enSqYE3bX4WbQI8mfkr,retail,linkedin.com/company/stern-apotheke-in-45468-mülheim-an-der-ruhr,mülheim,stern-apotheke in 45468 mülheim an der ruhr,north rhine-westphalia,1-10,stern-apotheke-muelheim.de
germany,,a5ISUeBZpfXGjOY9xyxDVQ4tjpUJ,retail,linkedin.com/company/scania-vertrieb-&-service-gmbh-&-co-kg,bochum,scania vertrieb & service gmbh & co kg,north rhine-westphalia,1-10,
germany,,gs6saKNEfL5IEUuLlDwAWQDpWQRE,retail,linkedin.com/company/jayvolution-berlin,buch,jayvolution berlin,berlin,1-10,jayvolution.de
germany,,nZ010vypTBi2zXSIJkmCtAlMXrRt,retail,linkedin.com/company/colada-bv,,colada bv,,1-10,colada.nl
germany,1991,BHRqZTUnKFzLaWajdGEOgwaCLKdi,retail,linkedin.com/company/acs-vertrieb,braunschweig,acs-vertrieb gmbh,lower saxony,1-10,acs-vertrieb.de
germany,,66ModDXbfp3s1UO2wfP3eQDJ8NXn,retail,linkedin.com/company/cargo-velo-services,saarbrücken,cargo velo services,saarland,1-10,cargovelo.services
germany,,EsSFe1EBCY2fpybj7Ll7IgoyLQIB,retail,linkedin.com/company/möbelhaus-zager,fehmarn,möbelhaus zager,schleswig-holstein,1-10,moebelzager.info
germany,,4RsoHEN9XoHsPJATHiwPdgKl4APD,retail,linkedin.com/company/strellson-store,kempten,strellson store,bavaria,1-10,
germany,,DgTjkFbghD8UY0cphI8BxAY7Ysil,retail,linkedin.com/company/bös-max-raumausstattung,frankfurt,bös max raumausstattung,hesse,1-10,maxboes.de
germany,,PMu5RxMUWaK0rgMdBPT3kwJDcRVU,retail,linkedin.com/company/telemarketing-bleines,saarbrücken,telemarketing bleines,saarland,1-10,telemarketing-bleines.de
germany,,OCzB4gUCmTL62KTdWFddagokewKv,retail,linkedin.com/company/sirch-bitzer-möbeleinzelhandel,böhen,sirch bitzer möbeleinzelhandel,bavaria,1-10,sirch.de
germany,2006,lqZ796hS5HVvYiyjb3SyWQQjLKsX,retail,linkedin.com/company/ghd-deutschland,stuttgart,ghd deutschland & österreich,baden-württemberg,51-200,
germany,,wCIGrHWOmmIyn4vgyMmDnwMr6k9G,retail,linkedin.com/company/gastroteileshop.de,roßlau,gastroteileshop.de,saxony-anhalt,1-10,gastroteileshop.de
germany,,MgyoFI8MEaEaYgPgZ6mhUQ6AXgRl,retail,linkedin.com/company/kaiser-s1,freiburg im breisgau,kaiser s1,baden-württemberg,1-10,
germany,,8UGjMtvm5BjPDB5Dcun4PQekTfkQ,retail,linkedin.com/company/ronellenfitsch-modehaus,merzig,ronellenfitsch modehaus,saarland,1-10,
germany,,9rexH0LziKld9kmyFe6SQwzlxZla,retail,linkedin.com/company/optyk-trendy,wriezen,optyk trendy,brandenburg,1-10,optyktrendy.pl
germany,,DpZYwkbKtrdZxYxdaKN2DgHFd2pq,retail,linkedin.com/company/schwanger,dresden,schwanger,saxony,1-10,schwanger-kleidet.de
germany,,wpPFyPWE1SQBRGrVQe8RrAa8qjyA,retail,linkedin.com/company/personenbeförderung,piesport,personenbeförderung,rhineland-palatinate,1-10,radtourmosel.com
germany,,LOuyWwA1fYMawyH7kZ5X6Qps7MzJ,retail,linkedin.com/company/oneglass-wein,berlin friedrichshain,oneglass wein,berlin,1-10,oneglass.de
germany,2004,k14VlWpMGu59JiGijkNaJwKnbaQS,retail,linkedin.com/company/dsign-systems,schmalkalden,dsign systems,thuringia,11-50,dsign-systems.net
germany,,oL1ZLTRvEjy8MszIDuIVmABDB5xL,retail,linkedin.com/company/unikat--mit-liebe-gemacht,bonn,unikat -mit liebe gemacht,north rhine-westphalia,1-10,unikat-mit-liebe-gemacht.de
germany,,3N1TpBbxtZvIcuMyycRlBQPTLsKP,retail,linkedin.com/company/pro-maximus,düsseldorf,pro maximus,north rhine-westphalia,1-10,pro-maximus.de
germany,,jTZL5RY2j0FyEmScN6k44AOAmNGZ,retail,linkedin.com/company/gaspoint24,marl,gaspoint24,north rhine-westphalia,1-10,gaspoint24.business.site
germany,2020,iD38VbNBknXAJ4Q7MMtW0QqYPUJq,retail,linkedin.com/company/hilaritas-ug,berlin,hilaritas gmbh,berlin,1-10,hilaritas.co
germany,,9lqhC4QLBA3IDSjstLk0Lw0tjMl2,retail,linkedin.com/company/hagebaumarkt-röhrig,andernach,hagebaumarkt röhrig,rhineland-palatinate,1-10,
germany,,PoLUjmQODClYp8MS1MTzZQ5YYR8c,retail,linkedin.com/company/optik-an-der-zeile,berlin,optik an der zeile,berlin,1-10,optikanderzeile.de
germany,,gn2Z3RMkOntEQJS3Lvo7IAuXzsXJ,retail,linkedin.com/company/vohburger-autohaus-gmbh,vohburg an der donau,vohburger autohaus gmbh,bavaria,11-50,vohburger-autohaus-vw.de
germany,,uxRUqHcLxPCks5xkYkkLagNFgIqR,retail,linkedin.com/company/beppler-mode-&-sport-im-centrum-von-langgöns-ihn.,langgöns,beppler mode & sport im centrum von langgöns ihn.,hesse,1-10,
germany,,074hWvTgBCwSIY06L13SEAYTQGSN,retail,linkedin.com/company/kickelangelo,eschweiler,kickelangelo,north rhine-westphalia,1-10,kickelangelo.de
germany,,jYtjfHcnn49qiNugCoebRgKVs8Zg,retail,linkedin.com/company/küchen-tretter-michelstadt,michelstadt,küchen tretter michelstadt,hesse,1-10,kuechen-tretter.de
germany,,uvtCJdgdzpe3IEUVB0QzcAg0VsmG,retail,linkedin.com/company/nya-skivlagret,jettingen-scheppach,nya skivlagret,bavaria,1-10,nyaskivlagret.se
germany,,BuFY9sKj0VLOZDKb6eGA8gVFjAka,retail,linkedin.com/company/antiquariaat-veelheden-hoe,bocholt,antiquariaat veelheden hoe,north rhine-westphalia,1-10,bredevoort.net
germany,,7iNEkBxfnCCsNc8oqJBtjQBC9eeF,retail,linkedin.com/company/geco-gmbh,ingolstadt,geco gmbh,bavaria,11-50,
germany,,E1GC5xBYty8jJAB9vfMICQKr7cdR,retail,linkedin.com/company/die-hörmanufaktur-simone-halder,bad wurzach,die hörmanufaktur simone halder,baden-württemberg,1-10,die-hoermanufaktur.de
germany,,qDgb6ImuWUWiNS057S4mVQJgDlCr,retail,linkedin.com/company/sisters-hairstyling,heilbronn,sisters hairstyling,baden-württemberg,1-10,sisters-hairstyling.de
germany,,CCgzBhyC7vQDu7IFa1evFwcJO0KW,retail,linkedin.com/company/fritz-sauer,sundern,fritz sauer,north rhine-westphalia,1-10,fritzsauer.de
germany,,iH7zK1rSAViPisTLrv3IBwccp6f2,retail,linkedin.com/company/note-1-musikvertrieb-gmbh,heidelberg,note 1 musikvertrieb gmbh,baden-württemberg,1-10,note-1.de
germany,,5zuOO0YXBSyoapzGK9YzAwIFw3WC,retail,linkedin.com/company/kia-motors-kögler,friedberg,kia motors kögler,hesse,1-10,koegler-autowelt.de
germany,,vfeGRKVZG3vOB6bjBvVcCgdqWZBm,retail,linkedin.com/company/jan-enning,borken,jan enning,north rhine-westphalia,1-10,erlebnisdecken.de
germany,,tYR3Mz60TQLfj5YHSweOxA6wE5E6,retail,linkedin.com/company/julsworld,übersee,juls.world,bavaria,1-10,juls.world
germany,,GGo6wYZi5109g59N9BrXBwdTcgi7,retail,linkedin.com/company/eoe-design,münster,eoe-design,north rhine-westphalia,1-10,eoe-design.de
germany,,oMIMDcwERbZQxGI3AzWbOwJAcAjS,retail,linkedin.com/company/fitness-dealer,,fitness dealer,,1-10,verhoeven-sports.de
germany,,oKuMC2InpEUBC0Oif1CBpQ6mHW2G,retail,linkedin.com/company/fernseh-gaebler.de,potsdam,fernseh-gaebler.de,brandenburg,1-10,fernseh-gaebler.de
germany,,bFlJRSAC0T4WkwHftufKnA4dFBag,retail,linkedin.com/company/andreas-birk,seeg,andreas birk,bavaria,1-10,creative-art-studio.de
germany,2008,IBW74LBruJapsr3KNvphDg2kp3BV,retail,linkedin.com/company/mountain-sports-outlet-gmbh,dingolfing,mountain sports outlet gmbh,bavaria,51-200,outdoorsportsoutlet.de
germany,,t7kFiURX3LR4ET3C3KhVZQSMpVz3,retail,linkedin.com/company/snipes-textil-gmbh-einzelhandel-für-textilien,düsseldorf,snipes textil gmbh einzelhandel für textilien,north rhine-westphalia,11-50,snipesweb.com
germany,,tx8CIh4wUHrCjSB6BwwCoA4gv0Qb,retail,linkedin.com/company/apotheke-im-enztal-center-74354-besigheim,besigheim,apotheke im enztal-center 74354 besigheim,baden-württemberg,11-50,apo-imenztal-center.de
germany,,BrCfJrgCJXmetY3GdibWkQsx7Znb,retail,linkedin.com/company/mollyb,oberhausen,mollyb,north rhine-westphalia,1-10,mollyb.de
germany,,YUvuMllKART4BDZZedNrJAZNg4h5,retail,linkedin.com/company/autohaus-top-cars-krefeld-gmbh,krefeld,autohaus top-cars krefeld gmbh,north rhine-westphalia,1-10,autohaus-top-cars.de
germany,,KC1OqjllUEyTGDstmTRG1w5NLZwy,retail,linkedin.com/company/vosteen-bürotechnik,nordenham,vosteen bürotechnik,lower saxony,1-10,vosteen-buerotechnik.de
germany,2006,cf540B6wABfdTb6mu6olswMxJCPn,retail,linkedin.com/company/trauringschmiede,nideggen,trauringschmiede,north rhine-westphalia,51-200,trauringschmiede.de
germany,,qNBu0AGmjYXkP7CyDizp4gAoprAj,retail,linkedin.com/company/max-leimann,recklinghausen,max leimann,north rhine-westphalia,1-10,maxleimann.com
germany,,EG1BOWN0v2Dw93KWWCR1nwgxb6An,retail,linkedin.com/company/sc-sports,kleve,sc sports,north rhine-westphalia,11-50,grizzlyzone.de
germany,2012,KKuF2vHvBlc2NgIEd60IzgIDgIYG,retail,linkedin.com/company/fielmann-ventures-gmbh,hamburg,fielmann ventures gmbh,hamburg,11-50,fielmann-ventures.com
germany,,KKaxwIQW76BzG0nJDeSbfQc3vZIL,retail,linkedin.com/company/astech-racing,villingen-schwenningen,astech-racing,baden-württemberg,1-10,astech-racing.de
germany,1968,fDLSVb8EdAH8NovqCwibtw2T3tc5,retail,linkedin.com/company/noriliving-digitaldruck-gmbh,nuremberg,noriliving digitaldruck gmbh,bavaria,11-50,pepeprint.de
germany,,sut5xllLoyBE3x1Y54Z0OQm9XSe6,retail,linkedin.com/company/trendique,kronach,trendique,bavaria,1-10,trendique.de
germany,,m6ATrriXkPjaFBSEoCaDQAeLM3ay,retail,linkedin.com/company/maricopa-ace-hardware,,maricopa ace hardware,,1-10,maricopaace.com
germany,,gnGn922nnIr8pOA6cWZ8Kwd4n2FH,retail,linkedin.com/company/thalersports,gevelsberg,thalersports,north rhine-westphalia,1-10,thalersports.de
germany,,31CCHy96KRJennEOecE3NAL2G9Xb,retail,linkedin.com/company/wohn---contour-gmbh,königswinter,wohn - contour gmbh,north rhine-westphalia,1-10,wohn-contour.de
germany,,dERRCotjBC0NBkyxhCNr4AdUWRGF,retail,linkedin.com/company/ugur-juwelier-gmbh,cologne,ugur juwelier gmbh,north rhine-westphalia,1-10,juwelier-ugur.de
germany,,WJWw8V2Mo4NkfAhVL1drugQqjUJy,retail,linkedin.com/company/regenbogen-apotheke-köthen,köthen,regenbogen apotheke köthen,saxony-anhalt,1-10,doppelt-heilt-besser.de
germany,,UKvqiBcwllXCvirAGqN5oguVd9zT,retail,linkedin.com/company/wohnoase,mönchengladbach,wohnoase,north rhine-westphalia,11-50,wohnoase-moebel.de
germany,,GYtfYgVR5CSKAIKNJVW0iA2bu6iu,retail,linkedin.com/company/parfümerie-preisig,gladenbach,parfümerie preisig,hesse,1-10,parfuemerie-preisig.de
germany,,FkERaN9WXZDUqNOXdUzrBQzPnhH6,retail,linkedin.com/company/umweltdienst-sömmerda-gmbh,sömmerda,umweltdienst sömmerda gmbh,thuringia,1-10,udsgmbh.com
germany,,CEihwxzlwNrCXN5Iyb5CgQCQoTdb,retail,linkedin.com/company/middelicher-apotheke,gelsenkirchen,middelicher-apotheke,north rhine-westphalia,1-10,middelicher-apotheke.de
germany,,NzuyHJBXenFFWhtZtPQktwki35gi,retail,linkedin.com/company/interia-creatives-wohnen-einrichtungs-gmbh,kaiserslautern,interia-creatives wohnen-einrichtungs gmbh,rhineland-palatinate,11-50,interia.de
germany,,wWCOzO2uRV443daBsXF2NQWfQTLc,retail,linkedin.com/company/plaza-sb-warenhaus,lübeck,plaza sb-warenhaus,schleswig-holstein,1-10,
germany,,jKpKJqXUYAdRCkLUAphr4w5g7601,retail,linkedin.com/company/hoot-couture,cologne,hoot couture,north rhine-westphalia,1-10,hootcouture.de
germany,,dS9XSZiXmzAB6lcG2Cay1QWS8mg6,retail,linkedin.com/company/van-heijster,brüggen,van heijster,north rhine-westphalia,1-10,van-heijster.nl
germany,,nqEzthpuDXRsuVYh6BPuCQGHaXy3,retail,linkedin.com/company/frickel,michelstadt,frickel,hesse,1-10,kfz-frickel.de
germany,,PBLhGF78ZVAgfuqvcKl3NAYCPGb3,retail,linkedin.com/company/projekt-2-gmbh-&-co-kg,kaufbeuren,projekt 2 gmbh & co kg,bavaria,11-50,projekt-2.net
germany,,GlOiNzkNZHMgjaDZsCBpjwRu0zrz,retail,linkedin.com/company/ludwig-haubensak,regensburg,ludwig haubensak,bavaria,1-10,
germany,,xdTMszdOXm2oouConV9SLg5pfZPd,retail,linkedin.com/company/horst-plag-haus--u.-küchentechnik-inh.-frank-draxler-e.k.,fritzlar,horst plag haus- u. küchentechnik inh. frank draxler e.k.,hesse,1-10,miele-plag.de
germany,,B9lxLkCfox7wwswF4Ostowws2Crr,retail,linkedin.com/company/öffler-baustoffe,aglasterhausen,öffler-baustoffe,baden-württemberg,1-10,oeffler-baustoffe.de
germany,,qBT6c75fl2m9VxwHqenOWAuPodFF,retail,linkedin.com/company/fb-auto.de,recklinghausen,fb-auto.de,north rhine-westphalia,1-10,fb-auto.de
germany,,4jVJAiKHDRz4KBgDV59W0Am0NOtu,retail,linkedin.com/company/reifen-hunsicker-gmbh,homburg,reifen hunsicker gmbh,saarland,1-10,reifenhunsicker.de
germany,,GWCocJqSxCZcPn6ExwsoQATvGNT3,retail,linkedin.com/company/667-shop,düsseldorf,667 shop,north rhine-westphalia,1-10,team667.com
germany,,z1ko0KwgqlgLftN5GU8UKAlJEigx,retail,linkedin.com/company/stoffbazar,ravensburg,stoffbazar,baden-württemberg,1-10,stoffbazar.de
germany,2017,RC8GSFXc4aZ3rYO2w8ZFLwrcb1OP,retail,linkedin.com/company/bierboutique-konstanz,konstanz,bierboutique konstanz,baden-württemberg,1-10,bierboutique-kn.de
germany,,Vhx5xBYC323IGsC1dYEIeAWPPxy3,retail,linkedin.com/company/4visionfactory,griesheim,4visionfactory,hesse,1-10,4visionfactory.de
germany,,05g2b1XCNXxpiXXIxi4lCAYPaQkG,retail,linkedin.com/company/antik-uhren-titisee,freiburg im breisgau,antik-uhren titisee,baden-württemberg,1-10,antiktitisee.de
germany,,tvwWBu4HH7rf99IXlpC2PgZMT9Ky,retail,linkedin.com/company/jane-norman-retail-gmbh-&-co.-kg,düsseldorf,jane norman retail gmbh & co. kg,north rhine-westphalia,1-10,
germany,,37hUTVa8uB8tIgsPoljdWwJX6e1L,retail,linkedin.com/company/crazy4sailing,norderstedt,crazy4sailing,schleswig-holstein,1-10,crazy4sailing.de
germany,,nbYyEGpmFdJkjPtv6dq7EguSPL7A,retail,linkedin.com/company/select-mode-online,gyhum,select mode online,lower saxony,1-10,select-mode-online.de
germany,,cWMoVy2LGioWNc0FWsCzdw3Oz3Ac,retail,linkedin.com/company/stefan-post-bürosysteme-gmbh,peine,stefan post bürosysteme gmbh,lower saxony,1-10,post-peine.de
germany,,HCzXJYAtvHFUE9OxcbFUVgXuiYuW,retail,linkedin.com/company/sommer-handel.de,rotthalmünster,sommer-handel.de,bavaria,1-10,
germany,2023,VDjS64f2hr8imkFI5GFBVg2rIxZm,retail,linkedin.com/company/cider-and-more-gmbh,bensheim,cider & more gmbh,hesse,1-10,
germany,,cpb6RawN0XriCYpeSRgKLAyYBwUw,retail,linkedin.com/company/ihd-service,frechen,ihd service,north rhine-westphalia,1-10,
germany,,H4HTowtBOgpKzsVxKpJz9QigOOdD,retail,linkedin.com/company/rock-hard-verlags-u.-handels,dortmund,rock hard verlags u. handels,north rhine-westphalia,1-10,rockhard.de
germany,,ivR4FDwUXfdx4Sk0BQxPKQAUvMND,retail,linkedin.com/company/pianohandel-westera,bocholt,pianohandel westera,north rhine-westphalia,1-10,piano-kopen.nu
germany,,hGyg4TB47qQAEjVxz2fqSQwAJLXb,retail,linkedin.com/company/carl-duisberg-apotheke,leverkusen,carl duisberg apotheke,north rhine-westphalia,1-10,carlduisbergapotheke.de
germany,2022,j5y7bewwdwFNJyoCQ8aATg8Nqfui,retail,linkedin.com/company/grndshoes,hamburg,grnd,hamburg,1-10,grnd.shoes
germany,,kZAABwWyM9WJnoXk3SibiQSIwnBm,retail,linkedin.com/company/ahorn-apotheke-in-50354-hürth,hürth,ahorn-apotheke in 50354 hürth,north rhine-westphalia,1-10,ahorn-apotheke-huerth.de
germany,,2z77dCXa16St6IYVIgjunw41ddaH,retail,linkedin.com/company/sichtflug-ug,wiehl,sichtflug ug,north rhine-westphalia,1-10,
germany,2016,DM6SLiMHBZ4ohbjLhkZKpwYiJX8A,retail,linkedin.com/company/zabi-ug,berlin,zabi ug,berlin,1-10,zabi-rollen.de
germany,,RMSBhjvfSbNhWEum6dfefQTJS3vj,retail,linkedin.com/company/köselsche-buchhandlung,kempten,köselsche buchhandlung,bavaria,1-10,koeselsche-buecher.de
germany,,ErpUZLUipXVZZROTn2CRfQl3YONt,retail,linkedin.com/company/medicalline,isernhagen-süd,medicalline,lower saxony,1-10,
germany,,Fqy0UljMyHIpspsWGnhqtQxkkSx7,retail,linkedin.com/company/menzel-mode,,menzel mode,,1-10,menzelmode.de
germany,,y851ngcLuX8p4CCiFqeoVATYJVGe,retail,linkedin.com/company/lunau-gmbh,wuppertal,lunau gmbh,north rhine-westphalia,11-50,lunau-gmbh.de
germany,,bcJucJCAm6zUlMNX2Q6wCAy3y98W,retail,linkedin.com/company/nelisdrums,groß dratow,nelisdrums,mecklenburg-vorpommern,1-10,nelisdrums.de
germany,,LTh0mFsTwFJPprOgpt1aXQBZh54F,retail,linkedin.com/company/raiffeisen-ammerland-saterland-gmbh,saterland,raiffeisen ammerland-saterland gmbh,lower saxony,11-50,ras-gmbh.net
germany,2005,qCp2uHBf08CtZFOyBAl3qQcutmVX,retail,linkedin.com/company/räume.net-einrichten-inh.-carsten-klesatschek,berlin,"räume.net einrichten, inh. carsten klesatschek",berlin,1-10,raeume.net
germany,,GjzbOmiMP8AXRisa27rTiQV85QDw,retail,linkedin.com/company/sasadesign,mülheim,sasadesign,north rhine-westphalia,1-10,sasa-design.com
germany,,O67NDKJ4sqRHHgBYvcQi0Qh0yLZC,retail,linkedin.com/company/koppelmann-optik-ag,grenzach-wyhlen,koppelmann optik ag,baden-württemberg,11-50,koppelmann.ch
germany,,QmceVQaZSapCwuP5ekUCpwEk3Ozt,retail,linkedin.com/company/action-✩-scooter,traunstein,action ✩ scooter,bavaria,11-50,action-scooter.com
germany,,vACgW9rrT5pUxOgrKpgYUgqwExoA,retail,linkedin.com/company/süd-apotheke-oliver-parwulski,waltrop,"süd-apotheke, oliver parwulski",north rhine-westphalia,11-50,sued-apotheke.de
germany,,VFkm3OQuIHOzABhP1A1LRgv4AozO,retail,linkedin.com/company/atelier-3-kleider,leipzig,atelier 3 kleider,saxony,1-10,atelier3kleider.de
germany,,wWxw9e7VOTYS4gJoeW9bxwuNIFdB,retail,linkedin.com/company/schön-&-endres-gmbh-orthopädie-und-schuhe,wuerzburg,schön & endres gmbh orthopädie und schuhe,bavaria,1-10,
germany,,qOryy5Z2OVfff0zC2waaNwY4IVdf,retail,linkedin.com/company/benjammin,mainz,benjammin,rhineland-palatinate,1-10,
germany,,lw75Wf9EqM6SxC4b8n4tSguxGQLP,retail,linkedin.com/company/hessental-apotheke,schwäbisch hall,hessental-apotheke,baden-württemberg,1-10,
germany,,hPDM8cMYVB1BbXQuQNJJcQuEt3DI,retail,linkedin.com/company/richard-schmeer,saarbrücken,richard schmeer,saarland,1-10,schmeer.de
germany,,CB1tEgMmeFISd9ZTuGaJBgRjNyt2,retail,linkedin.com/company/trendhaus-24,winterberg,trendhaus-24,north rhine-westphalia,11-50,trendhaus-24.de
germany,,HHbK2hL85Jw7eWjTkCTaFAFgYIh6,retail,linkedin.com/company/promotex-electronic-handelsges.-mbh,hamburg,promotex electronic handelsges. mbh,hamburg,1-10,promotex.com.ua
germany,,XhYLXmLjtWQnmEmwBA8oSAbf6iht,retail,linkedin.com/company/apteka-corax,bad freienwalde,apteka corax,brandenburg,1-10,corax.shop
germany,,OHsg53v0Nc338DFCjDA3gwsynrOc,retail,linkedin.com/company/textil-rammelkamp,nordhorn,textil rammelkamp,lower saxony,11-50,textilrammelkamp.de
germany,,6oHawAcP2XKkToL91LSaAQY2qwQW,retail,linkedin.com/company/um-autocenter-gmbh,vogtsburg im kaiserstuhl,um autocenter gmbh,baden-württemberg,1-10,umautocenter.de
germany,,6e4CENELNeG4NxYF9pYcdwCg5oSV,retail,linkedin.com/company/sporthaus-kassel,kassel,sporthaus kassel,hesse,1-10,sporthaus-kassel.de
germany,,OXRYpvq36gVvJf0lrKR1nAIiFox7,retail,linkedin.com/company/dawo-automobile,blieskastel,dawo automobile,saarland,1-10,gut-lindenfels.de
germany,,diEvjq9Qe7TIncZFXNDTzwtxTwns,retail,linkedin.com/company/euronics-xxl-av-markt,bensheim,euronics xxl av markt,hesse,1-10,
germany,1988,eH48zAzadAhxJHBKxQFjtAsTtxxu,retail,linkedin.com/company/hörgeräte-akustik-flemming-klingbeil-gmbh-&-co.-kg-zentrale-verwaltung,berlin,hörgeräte akustik flemming klingbeil gmbh & co. kg zentrale/verwaltung,berlin,51-200,flemming-klingbeil.de
germany,,35Zh8wP8jgF3ZFBzzKr25Q8UP24K,retail,linkedin.com/company/dekomagie,hamburg,dekomagie,hamburg,1-10,dekomagie.de
germany,,V3h9J9c1pWmAWWJWRECyWw8LhVnh,retail,linkedin.com/company/lutz-punte,weinböhla,lutz punte,saxony,1-10,mobileantiquitaeten.de
germany,,yBJKwWRi0O2Yv7bJxBHMUwpIi9GJ,retail,linkedin.com/company/rastpark24- hengersberg,hengersberg,rastpark24 | hengersberg,bavaria,11-50,rastpark24.de
germany,,vuunkFsks9PCSxqFfwmKOQBkP6T0,retail,linkedin.com/company/bauzentrum,munich,bauzentrum,bavaria,1-10,
germany,,zt4ZEiBgjSLExqoxWnBDNQRHp2kg,retail,linkedin.com/company/telekom-partner-shop,senden,telekom partner shop,bavaria,1-10,telekom-partner-illertissen.de
germany,,1U7rB1f2rnNrqjysQ2LezAgM5F84,retail,linkedin.com/company/truck-rep-nutzfahrzeugreparatur-e.k.,leinburg,truck rep nutzfahrzeugreparatur e.k.,bavaria,1-10,truck-rep.de
germany,,7CZHXCeubq1TGWtB0IHCnANAj74e,retail,linkedin.com/company/karlstedt,koblenz,karlstedt,rhineland-palatinate,1-10,inwedoserv.de
germany,,s8Nz6CDctiA0DrqqAR9lmQvdIS0U,retail,linkedin.com/company/mall-of-dress,berlin kreuzberg,mall of dress,berlin,1-10,mallofdress.de
germany,,Izb5bd1vEIjCCGwM2Urd1wEJHyBv,retail,linkedin.com/company/antiquariat-und-buchhandlung-obscura,kiel,antiquariat und buchhandlung obscura,schleswig-holstein,1-10,obscura.de
germany,,rBhOVBfbJanwlWUOvZk0tgugrtbC,retail,linkedin.com/company/instyle-women's-fashion,albstadt,instyle women's fashion,baden-württemberg,1-10,instyle-women.com
germany,,v30h5rQDcWissAETTkP4kQI3GGwE,retail,linkedin.com/company/art-fatal,,art fatal,,1-10,artfatal.de
germany,,S8qswiIvchhXnpHjNTznogQGQ9nK,retail,linkedin.com/company/tines-minilaedchen,lemgo,tines minilaedchen,north rhine-westphalia,11-50,tines-minilaedchen.com
germany,2014,6JpoOjN4YYXhZ3o5cNO9ewXcn4NX,retail,linkedin.com/company/lpp-deutschland-gmbh,hamburg,lpp deutschland gmbh,hamburg,501-1000,reservedkarriere.de
germany,,mHWiq11B7d75Cxif04bXVweCQAAG,retail,linkedin.com/company/bilderbuch,langeoog,bilderbuch,lower saxony,1-10,
germany,,RbpNAToLXRUtV04ZfjTjZw2eKTZj,retail,linkedin.com/company/aqua-maritime-d-o-o-,,aqua maritime d.o.o.,north rhine-westphalia,1-10,aquamaritime.hr
germany,,5EuUTo6dZEpP13PMN3BpiwPN5SVZ,retail,linkedin.com/company/schönes-aus-blumen,münchen,schönes aus blumen,bavaria,1-10,schoenesausblumen.de
germany,,1Ou77ijRn5ZAQ2RiAMgZCARqfOc4,retail,linkedin.com/company/galerie-sabine-knust,munich,galerie sabine knust,bavaria,1-10,sabineknust.com
germany,,kPYTMZC8WntiiMKBuCgL2grAzNTC,retail,linkedin.com/company/s'-lädeli,waltershofen,s' lädeli,baden-württemberg,1-10,slaedeli.jimdo.com
germany,,TNWq3sFhtk34Q7Qy3TXerAV5ynQq,retail,linkedin.com/company/spielwaren-wiedmann-gmbh,backnang,spielwaren wiedmann gmbh,baden-württemberg,1-10,spielwaren-wiedmann.de
germany,,bMhjp7gXWDPrVWjC4p9AZgSGy21v,retail,linkedin.com/company/betatakin,mannheim,betatakin,baden-württemberg,1-10,betatakin.de
germany,,RTU0L2qU8sJ3pgVHdpHFQgVOx6CJ,retail,linkedin.com/company/lünetta,osnabrück,lünetta,lower saxony,1-10,xn--lnetta-3ya.de
germany,,3YcS0IKyRqGm6ge1wQJ2uA6hmYkL,retail,linkedin.com/company/brillen-schneider,münchen,brillen schneider,bavaria,1-10,brillen-schneider.de
germany,,HjCNCB8KAZBm4sVErHU3SQ5g2zaf,retail,linkedin.com/company/cruses-buchhandlung,hannover,cruses buchhandlung,lower saxony,1-10,cruses.de
germany,,rKqPM0XB54dR2pVBq7DedgOdC9Gc,retail,linkedin.com/company/haushaltswaren-carl-tode,göttingen,haushaltswaren carl tode,lower saxony,11-50,carltode.de
germany,,LQCzeNj6eLpPm17qxg1BMghREDLR,retail,linkedin.com/company/mw-bikes4you,münster,mw bikes4you,north rhine-westphalia,1-10,mw-bikes4you.com
germany,,0Aoty7sH4BKevdJQYkPZRQ8UPQzF,retail,linkedin.com/company/calesa,gladbeck,calesa,north rhine-westphalia,1-10,calesa.de
germany,,iUbnHoB3IGZtGPvGIlJMXQwdPuK2,retail,linkedin.com/company/happy-jump-world,bruchköbel,happy jump world,hesse,1-10,happyjumpworld.de
germany,,yWdHW3kxIDK5BJVpN6gbcwUdFHqn,retail,linkedin.com/company/radhouse-bielefeld,bielefeld,radhouse bielefeld,north rhine-westphalia,1-10,radhouse.de
germany,,iF3n4MCERC2nhMuDNXlIPgwxw86k,retail,linkedin.com/company/empire-video-dvd-games,munich,empire video dvd games,bavaria,1-10,
germany,,EfZtgyojr4pkzF5PBs8DpgxT56I9,retail,linkedin.com/company/jürgen-fiedler,kirchworbis,jürgen fiedler,thuringia,1-10,kfz-fiedler.de
germany,,tak8UgTWvKBKfeBhRaae4gsX20rB,retail,linkedin.com/company/getränke-carsili-gmbh,halle,getränke carsili gmbh,saxony-anhalt,1-10,carsili-getraenke.de
germany,,UdgNBiSgmf2HTISM5jR7VggYhmcv,retail,linkedin.com/company/ep-thiemo-schmitz,erkelenz,ep: thiemo schmitz,north rhine-westphalia,1-10,ep-schmitz.com
germany,,MjlJgUD7bhjQV6eMQOXqNQ43haL5,retail,linkedin.com/company/l-f-design-gmbh,marl,l + f design gmbh,north rhine-westphalia,1-10,lfdesign24.de
germany,,58QA1Wu0yCBs9PXFYB45PwTDGZFl,retail,linkedin.com/company/autohaus-am-prinzert-vertriebs-gmbh,rödermark,autohaus am prinzert vertriebs gmbh,hesse,11-50,nissan-prinzert-roedermark.de
germany,,wijpywGb4U4LdSpDixl1YQVCMk2t,retail,linkedin.com/company/greim-computer-consulting,gerstetten,greim computer consulting,baden-württemberg,1-10,greimconsulting.de
germany,,Y2fGx7Q6zUT3Nz3ozelpeQX8kFdH,retail,linkedin.com/company/waldemar-wollny-münzenfachgeschäft,korschenbroich,waldemar wollny münzenfachgeschäft,north rhine-westphalia,1-10,muenzen-wollny.de
germany,1960,QUIYEY5ep9dGmn3YF4u3pwK7ThRq,retail,linkedin.com/company/feig-gmbh,altdorf,feig gmbh,rhineland-palatinate,11-50,feig-online.de
germany,,KFvBwVNcLUKPuXQgjlbgwgno6Q0J,retail,linkedin.com/company/wilstedter-apotheke,wilstedt,wilstedter apotheke,lower saxony,1-10,wilstedter-apotheke.de
germany,,4PqPVqfaSpT6o8YRbArApQoFeSsv,retail,linkedin.com/company/stuf-f---fine-goods,düsseldorf,stuf-f - fine goods,north rhine-westphalia,1-10,stuf-f.com
germany,,5iBVTgsgJKhKm1D7KCijEQ6dHbjm,retail,linkedin.com/company/bm-automobile,heiligenhaus,bm automobile,north rhine-westphalia,1-10,xn--cashfrdeinauto-ksb.de
germany,,UL7ABbLCDTMxLGpmBXAaewI5MOpN,retail,linkedin.com/company/benzinlab,,benzinlab,berlin,1-10,
germany,,V9Tl4D5sPOejrlxrNMnHcgzZeZ4q,retail,linkedin.com/company/süma-maier-e.-k.,rheinfelden,süma maier e. k.,baden-württemberg,1-10,suema-maier.de
germany,,LVofOo0fQYAE5BRDCssl4w1KInyP,retail,linkedin.com/company/autohaus-siebelhoff-gmbh-&-co-kg,neusäß,autohaus siebelhoff gmbh & co kg,bavaria,11-50,peugeot-augsburg.de
germany,,gtDnCwcMgQC1Ki8uLIf3IwKnlzy9,retail,linkedin.com/company/alex-&-elis-kinderschuhe,offenbach,alex & elis kinderschuhe,hesse,1-10,alex-und-elis.de
germany,,BxoBgta94ASzLXqJqk7Chw29WC8R,retail,linkedin.com/company/blumen-den-tandt,prüm,blumen den tandt,rhineland-palatinate,1-10,blumendentandt.be
germany,,CL7RLPXqLDHn37kwCadJQQZCbpZG,retail,linkedin.com/company/co.tec-gesellschaft-für-softwaredistribution-mbh,rosenheim,co.tec gesellschaft für softwaredistribution mbh,bavaria,1-10,
germany,,VzJdWKja736qrJrhqES7GQVnqOxV,retail,linkedin.com/company/eversberg-kfz.de,berlin,eversberg-kfz.de,berlin,1-10,eversberg-kfz.de
germany,,CCG88cNOPiBr5yP08PuZBgTURqVP,retail,linkedin.com/company/crewkerz,,crewkerz,,1-10,crewkerz.com
germany,,JZVKdc0mEktgox1aaEM8uAKoZVtl,retail,linkedin.com/company/die-wohnplaner,düsseldorf,die wohnplaner,north rhine-westphalia,1-10,diewohnplaner.de
germany,,bnx0yBi491MOMaCuU5cGHQEtVJpN,retail,linkedin.com/company/hifi-studio-falkensee,falkensee,hifi studio falkensee,brandenburg,1-10,berlin-hifi.de
germany,,7jizyy5jroTZQOCNJZYTjAlZTcn9,retail,linkedin.com/company/autohaus-reutershan-gmbh,geisenheim,autohaus reutershan gmbh,hesse,1-10,ford-reutershan-geisenheim.de
germany,,nBD6iXdfNDY07XXBXSVwcANtIbu4,retail,linkedin.com/company/iseaa-gmbh,dinslaken,iseaa gmbh,north rhine-westphalia,1-10,
germany,,xKVn623U6JlQdYbAievlXAccmJYr,retail,linkedin.com/company/bbs-lingen-wirtschaft,lingen,bbs lingen wirtschaft,lower saxony,1-10,bbs-lingen-wirtschaft.de
germany,2004,0wQ40glc7NU80sgGprOB6QMbDhhp,retail,linkedin.com/company/sg-büromedien-gmbh,hagen,sg büromedien gmbh,north rhine-westphalia,1-10,xltoner.de
germany,,fWAmYGy2IWlY3702ONHPEwC4qGXE,retail,linkedin.com/company/mack-optic,langenfeld,mack optic,north rhine-westphalia,1-10,mack-optic.de
germany,,akTCXJQeTmcSJ8fxgwN2OgjKxmlg,retail,linkedin.com/company/timberland-stores,wetzlar,timberland stores,hesse,1-10,timberland-wetzlar.de
germany,,EBqfyFklAX4gW3CchPkSqQ0pcl2G,retail,linkedin.com/company/tabacon-tabakwaren,berlin,tabacon tabakwaren,berlin,1-10,
germany,,i8fHfOVBpMBUSEgCJ1a1Zw5Kjqnu,retail,linkedin.com/company/case-planet,heidelberg,case planet,baden-württemberg,1-10,case-planet.com
germany,,af8CBNeomQxDAdAhSnEZJQlj6HbY,retail,linkedin.com/company/provicell,wenden,provicell,north rhine-westphalia,1-10,provicell.com
germany,,vuzTh3K1pPleEZeeop4MDwA5iVXR,retail,linkedin.com/company/emyli,berlin,emyli,berlin,1-10,emyli.de
germany,2018,zRnJDBHscQmfEXQzNALWTALybuhY,retail,linkedin.com/company/louiesgruenepflaume,hamburg,louie's grünepflaume,hamburg,1-10,gruenepflaume.de
germany,1974,441hCF4Oqwj6UX9T4QWxigz7A0T5,retail,linkedin.com/company/galerie-max-hetzler-berlin-paris-london,berlin,galerie max hetzler,berlin,51-200,
germany,,PIZ1mNz2lFQo7quCMmrCUAJYOqb0,retail,linkedin.com/company/blue-beads-company,berlin,blue beads company,berlin,1-10,bbcberlin.com
germany,,kSMXjyXF3JwGrke4ei5VJQXxRtZ5,retail,linkedin.com/company/e.-erdweg,heinsberg,e. erdweg,north rhine-westphalia,1-10,
germany,2015,ECzC6PGld92V3Iolk9puNwX3VmlM,retail,linkedin.com/company/sofa-couture,schwalbach am taunus,sofa couture,hesse,1-10,sofacouture.de
germany,2010,NcM8htuW9ACYSjSKkZ3cIgBFKH1s,retail,linkedin.com/company/global-diy-summit,cologne,global diy-summit,north rhine-westphalia,11-50,diysummit.org
germany,2011,BMntsGkCM4CfTmmcZDXMsQwk68Tq,retail,linkedin.com/company/berlin-store,berlin,voo store,berlin,11-50,vooberlin.com
germany,,kpFb5RbjtDBJ4VVMypl7ygP9oVro,retail,linkedin.com/company/living-crafts-gmbh-&-co-kg,selbitz,living crafts gmbh & co kg,bavaria,1-10,
germany,,YFHcrR03cbCBHQREdZigrAjrXgnW,retail,linkedin.com/company/thomas-deitmer,ödenpullach,thomas deitmer,bavaria,1-10,thomasdeitmer.de
germany,,Cgu3VghfJjvqocQZgXCN6QQcsSYZ,retail,linkedin.com/company/bonus-markt-sonnenberg,stuttgart,bonus-markt sonnenberg,baden-württemberg,1-10,
germany,,0uXcYFTJPBY8vEG2DC1hIAkxuVMX,retail,linkedin.com/company/bürotechnik-bedi-horoz,gäufelden,bürotechnik bedi horoz,baden-württemberg,1-10,buerotechnik-horoz.de
germany,,to36YKRihTfjjD1g35SM1gQ8ZZDS,retail,linkedin.com/company/paul-wagner-bürobedarf,ulm,paul wagner bürobedarf,baden-württemberg,1-10,wagner-ulm.de
germany,,91hVIhDz3TzbFGoH0YoHPwahzKwg,retail,linkedin.com/company/hörsysteme-zwischenbrücken-gmbh,landshut,hörsysteme zwischenbrücken gmbh,bavaria,1-10,hoersysteme-zwischenbruecken-landshut.de
germany,,6bFuc29Z6SYsNbXubwE8wgh3RjhM,retail,linkedin.com/company/bormann-herren-bekleidung-gmbh,springe,bormann herren-bekleidung gmbh,lower saxony,1-10,bormann-springe.de
germany,2019,10se81MvchuRLzRzIc2v6w2UMZLc,retail,linkedin.com/company/verymatcha,bamberg,very matcha,bavaria,1-10,verymatcha.de
germany,,UhfEBF73BFxHjESHU66bVAkqTkaO,retail,linkedin.com/company/autohaus-nocht-gmbh,heusenstamm,autohaus nocht gmbh,hesse,1-10,nocht.de
germany,,TmGqCKnssGIL1Ny1c9U8cgxaDKot,retail,linkedin.com/company/flömö-gmbh,flöha,flömö gmbh,saxony,1-10,hs-jm.de
germany,,o6jMswUt01Fdo6MhCBB7SAC0PRIw,retail,linkedin.com/company/modelleisenbahn-nagodis,daaden,modelleisenbahn nagodis,rhineland-palatinate,11-50,modelleisenbahn-nagodis.de
germany,,tPSULDrb7xiUDP1EzWCFLwe5rVTv,retail,linkedin.com/company/cosmos-apotheke,aue,cosmos apotheke,saxony,1-10,cosmosapotheke.vitrinegermany.com
germany,,sBdAYdDMIwPTlehW4Bv3NQQiD43r,retail,linkedin.com/company/herrenbauer-kids-fashion-agency,obersulm,herrenbauer kids fashion agency,baden-württemberg,11-50,herrenbauer.de
germany,,iQzLCgu6zExwFkC3aLZHAAe4OHY3,retail,linkedin.com/company/brecklinghaus,düsseldorf,brecklinghaus,north rhine-westphalia,1-10,brecklinghaus.de
germany,,Jug1vbRjq5Y26IpAeREW0ADBBHZb,retail,linkedin.com/company/buchhandlung---die-leseratte,falkensee,buchhandlung - die leseratte,brandenburg,1-10,leseratte-falkensee.de
germany,,CFVRrU0siHeFduSQtALg1QGQqC8W,retail,linkedin.com/company/ligne-nature,rheinau,ligne nature,baden-württemberg,1-10,lignenature.com
germany,,CvHrvwC07igF2kBn3SDuZg56WnpX,retail,linkedin.com/company/bettysweinwelt,bendorf,bettysweinwelt,rhineland-palatinate,1-10,bettysweinwelt.de
germany,,dpgZzPzMPfCbrjBzqwqJfwoBGBAv,retail,linkedin.com/company/betten-beck-gmbh-&-co-kg,mülheim,betten beck gmbh & co kg,north rhine-westphalia,1-10,wgi-mh.de
germany,,6CpKY1ArEYIWU3lGP4GYwQbpG0CN,retail,linkedin.com/company/intensivservice-wanninger-gmbh,regensburg,intensivservice wanninger gmbh,bavaria,1-10,intensivservice.de
germany,2019,Pv8ksm8Cdr8lnDgI1hLLdQN2HyoN,retail,linkedin.com/company/kawaii-merch,chemnitz,kawaii merch,saxony,1-10,kawaii-merch.de
germany,,JH2kyld5jjpBGlFXPmO37QYFqCbs,retail,linkedin.com/company/emka-eu,immenhausen,emka-eu,hesse,1-10,emka-eu.com
germany,,AmBCHorxj2Euz5hr4JgUCAw8vHg6,retail,linkedin.com/company/autohaus-klör-e.k,markt erlbach,autohaus klör e.k,bavaria,1-10,autohaus-kloer.de
germany,,AUd5NeQT2cSrsPmxM5LwLgkHocE8,retail,linkedin.com/company/karl-wimmer,lemgo,karl wimmer,north rhine-westphalia,1-10,wimmer-lkw.de
germany,,LE2Wrl66WXRKRKzq0qSlmgWUhDoa,retail,linkedin.com/company/siematic-am-leipziger-platz,,siematic am leipziger platz,,1-10,siematic-am-leipziger-platz.de
germany,,wDlS0T3Fti9gSafAMuMkjQxypVsd,retail,linkedin.com/company/as---catering-&-event-gmbh,fürth,as - catering & event gmbh,bavaria,1-10,as-catering.la
germany,,2shclZeBgo37J9qQA5Uj8wOX2Rg0,retail,linkedin.com/company/himora,pößneck,himora,thuringia,1-10,himora-shop.de
germany,,HTc9qG2B6CHmFFHeu0buYgsFbXWp,retail,linkedin.com/company/blumenfachgeschäft,fredersdorf-vogelsdorf,blumenfachgeschäft,brandenburg,1-10,
germany,,pRDB4pyaFLJ25sKJrmRPOwVPcVdL,retail,linkedin.com/company/musikhaus-tischler-e.k.-christian-tischler,wertheim,"musikhaus tischler e.k., christian tischler",baden-württemberg,1-10,musik-tischler.de
germany,,OUI0rckg4dDRsWadl05FIwUkWsrq,retail,linkedin.com/company/ck-modelcars-christoph-krombach-e-k-,aßlar,ck-modelcars christoph krombach e.k.,hesse,1-10,
germany,,8OmWEVF1rFJMCfsyLFR4rwrXyKXS,retail,linkedin.com/company/dolzer,frankfurt,dolzer,hesse,1-10,
germany,,PiWT7QrBS6DuqoYTrCXMEgNxj9Z1,retail,linkedin.com/company/imglorynet,berlin,imglory,berlin,11-50,imglory.co
germany,,JpgH0HGjxyQq6AwFYtWhCQraKdSY,retail,linkedin.com/company/dickie--tamiya-modellbau,sonneberg,dickie- tamiya modellbau,thuringia,1-10,
germany,,LYkrqtIDa3CCCsFBWCQ7zQ5AVooW,retail,linkedin.com/company/mainauto-miltenberg-manuel-rui-fernandes-automobilhandel,miltenberg,mainauto miltenberg manuel rui fernandes automobilhandel,bavaria,1-10,
germany,,oSLExMZMmZOXdACgxaR9mgdXDwco,retail,linkedin.com/company/kbs-kamin--u.-kachelofenbau-ug,reiskirchen,kbs kamin- u. kachelofenbau ug,hesse,1-10,kbs-bau.de
germany,,qqw9sioFS08YezRnm7BwUwWFLvme,retail,linkedin.com/company/buchhandlung-ilmberger,bad wiessee,buchhandlung ilmberger,bavaria,1-10,buch-ilmberger.de
germany,,GjgZxDaPALtiwwm9ElJIwAiwxN5N,retail,linkedin.com/company/hotel4home,berlin,hotel4home,berlin,1-10,hotel4home.com
germany,,uRaHpqkSBrIniLXoBpNJ4AtHRNpx,retail,linkedin.com/company/c-&-t-computer-und-technik-vertriebs,euskirchen,c & t computer und technik vertriebs,north rhine-westphalia,1-10,c-t.de
germany,,6BuCbdoVzMAWrWC8b71IxQBRp3OP,retail,linkedin.com/company/sei-schön-zu-dir.-bruni-moser,kandern,sei schön zu dir. bruni moser,baden-württemberg,1-10,brunimoser.de
germany,,qofZVhz2NYKN5IqJpNcytwfLFsdZ,retail,linkedin.com/company/the-tiramisu-hero,,the tiramisu hero,,1-10,thetiramisuhero.com
germany,,ytpvzr86TaGCHXjj9OOvyg2Eyc8j,retail,linkedin.com/company/von-randow-gmbh,roth,von randow gmbh,bavaria,1-10,von-randow.de
germany,,uHWpbn1bIFszjx48vJFCHA2U5t5U,retail,linkedin.com/company/radstation-hbf-rheydt,mönchengladbach,radstation hbf rheydt,north rhine-westphalia,11-50,radstation-moenchengladbach.de
germany,2014,qMXfuaEWvreQ77sBkI4wrAMK26WC,retail,linkedin.com/company/eco-brotbox,berlin,eco brotbox,berlin,11-50,ecobrotbox.de
germany,,4FutuBRGCfMB10NtwSGoPw52b7Ci,retail,linkedin.com/company/knittel-foto-und-video,dortmund,knittel foto und video,north rhine-westphalia,1-10,
germany,,6Cmy5cZEj4rAz1Cgj6Gz0gOyr1xW,retail,linkedin.com/company/brautliebe---brautmode-♥︎-hochzeitskleider,solingen,brautliebe - brautmode ♥︎ hochzeitskleider,north rhine-westphalia,1-10,brautliebe.de
germany,,4NEu1AjZSN88XinQw7uw5AEUfH4n,retail,linkedin.com/company/konservatorium-georg--friedrich-händel-musikschule,halle,"konservatorium georg- friedrich-händel , musikschule",saxony-anhalt,1-10,
germany,,rx1F9ZzDv7iIEKCATTV6DwjNbye4,retail,linkedin.com/company/buchhandlung-haase,edewecht,buchhandlung haase,lower saxony,1-10,buchhandlung-haase.de
germany,,GYfbeWQuukqeHQX3C7DiQwbD0xx7,retail,linkedin.com/company/grenz-apotheke-in-24955-harrislee,flensburg,grenz-apotheke in 24955 harrislee,schleswig-holstein,11-50,grenz-apotheke-harrislee.de
germany,,UHuKwJnvxs0nF4TSOhkcLgWWSQFK,retail,linkedin.com/company/mpocket,munich,mpocket.io,bavaria,11-50,mpocket.io
germany,2012,zNhoTWSKpZZhQazzw8X3QgJIZLvU,retail,linkedin.com/company/tara-b41-gmbh,idar-oberstein,tara-b41 gmbh,rhineland-palatinate,51-200,tara-b41.de
germany,,NuQ5i0evJU5X8iEVbblTAAWX7kof,retail,linkedin.com/company/benky-climbing,ulm,benky climbing,baden-württemberg,1-10,benkyclimbing.de
germany,2003,utlmelBg6ruwvpR7GInWsgbp0vmM,retail,linkedin.com/company/primex-gmbh,hanau,primex gmbh,hesse,11-50,primex-interior.com
germany,,qYbGjUWc2Dk4nEflZaQ2kgk50wqs,retail,linkedin.com/company/wedding-day-die-brautmacherin,twistringen,wedding day die brautmacherin,lower saxony,1-10,die-brautmacherin.com
germany,,g78ZtLWtvPDEzW6Lrj5FvApviiir,retail,linkedin.com/company/be.-co.-service,eltmann,be. co. service,bavaria,1-10,beco-service.de
germany,,Mg4y96M8CyDJ6B694JHM0AJiAMoj,retail,linkedin.com/company/black-diamond-records,cologne,black diamond records,north rhine-westphalia,1-10,blackdiamondrecords.de
germany,,40DPCYB61YLvm2sL3j2vZwd8kBgS,retail,linkedin.com/company/tooltown-gmbh,hamburg,tooltown gmbh,hamburg,1-10,tooltown.de
germany,,kJlkrKPykKbBw9SgdGZzyw7UERxE,retail,linkedin.com/company/bürotechnik-&-service-krawczyk,berlin,bürotechnik & service krawczyk,berlin,11-50,buerotechnik-und-service-krawczyk.de
germany,,081wlBrui2BWxBCQb3ZqggstLFBy,retail,linkedin.com/company/prelle-shop,osnabrück,prelle shop,lower saxony,1-10,prelleshop.de
germany,,VRXbGBAecdXZBjcPePCUtwaPMN1K,retail,linkedin.com/company/b&r-automobile-gmbh,werdohl,b&r automobile gmbh,north rhine-westphalia,1-10,b-r-automobile.de
germany,2021,7jBx2EP1uXDZfaZ7EvgJFQ9RwOnR,retail,linkedin.com/company/gartengold,radolfzell am bodensee,gartengold,baden-württemberg,1-10,garten-gold.com
germany,,hXn5hBnVdSjfi48fBeLufg4ewzJg,retail,linkedin.com/company/fredmedia,overath,fredmedia,north rhine-westphalia,1-10,fredmedia.de
germany,,8TZs4qm6Q2jDxHsqPcww0QeX1yxq,retail,linkedin.com/company/plantina,spatzenhausen,plantina,bavaria,1-10,plantina.de
germany,2021,B6Sa9CNE3X3Y9rNgaGWTrgEormfB,retail,linkedin.com/company/turn-of-beauty-gmbh,übersee,turn of beauty gmbh,bavaria,1-10,turn-of-beauty.de
germany,,synQ69pSkPX7M3sFh8DMSAkUDqJ8,retail,linkedin.com/company/schwarzwald-bazar,baden-baden,schwarzwald-bazar,baden-württemberg,1-10,schwarzwaldbazar.de
germany,,QsptBwtivW8PT0HZBIg9oQTC9EBz,retail,linkedin.com/company/cavoil,bad feilnbach,cavoil,bavaria,1-10,cavoil.de
germany,,twFdkQtWU21sFlc8YBzByAzm5WvZ,retail,linkedin.com/company/ceka-centralkaufhaus-hans-többens,papenburg,ceka centralkaufhaus hans többens,lower saxony,1-10,
germany,,87gOuhkgIYiCzIYl0G9ArABcvC8a,retail,linkedin.com/company/kronen-apotheke-laupheim,laupheim,kronen apotheke laupheim,baden-württemberg,1-10,kronen-apotheke-laupheim.de
germany,,gvheS9ZBxcVx77Rp6AMwwg8IshNb,retail,linkedin.com/company/ratio-handel,trier,ratio handel,rhineland-palatinate,1-10,
germany,,NNNs2lLJTUPBrCaIXigEbwT1fZaM,retail,linkedin.com/company/forever-sexy,wörth am rhein,forever sexy,rhineland-palatinate,1-10,foreversexy.de
germany,,hlIGNybxfByXhSYP9WSNLAgOKuIk,retail,linkedin.com/company/ivino-bobingen,bobingen,ivino bobingen,bavaria,1-10,ivino.online
germany,,diurFmxXblMOAHakNxUJHgyhzhXe,retail,linkedin.com/company/glocken-apotheke-in-46446-emmerich,emmerich,glocken-apotheke in 46446 emmerich,north rhine-westphalia,1-10,glocken-apo-emmerich.de
germany,,GrfMkMApClBYi7U7o7SDAAJ8pkDv,retail,linkedin.com/company/tg-hoelscher,duisburg,trinkgut hölscher gmbh,north rhine-westphalia,51-200,tg-hoelscher.de
germany,,6Yh6K2vYZoMcN8H7DmKb7A9bfhr9,retail,linkedin.com/company/reifen-quelle,wuerzburg,reifen quelle,bavaria,1-10,reifen-quelle.com
germany,,CjI3OsIPLJuxgVyoUyAciAaSn9DH,retail,linkedin.com/company/friedrich-schuhe-91207-lauf,nuremberg,"friedrich-schuhe, 91207 lauf",bavaria,11-50,friedrich-schuhhaus.de
germany,,5m9WhbEkKhRGpz4Dgli2qgytlScF,retail,linkedin.com/company/füll-bar,essen,füll-bar,north rhine-westphalia,1-10,fuell-bar.de
germany,,z6UzYj4CWu4q4PQcEmGGSgwpXa6V,retail,linkedin.com/company/auto-kessler,rheine,auto kessler,north rhine-westphalia,1-10,auto-kessler.de
germany,1990,Qfsgm0TwCb2uk2jvlzmw8wqe6S6a,retail,linkedin.com/company/burhorst-dinklage,dinklage,burhorst gmbh & co. kg,lower saxony,11-50,burhorst.eu
germany,,IiY7JhG2zxCIh0q8BXiCCgDhbOiJ,retail,linkedin.com/company/marco-porta-faschingskostüme-ltd.-&-co.-kg,birkenfeld,marco porta faschingskostüme ltd. & co. kg,rhineland-palatinate,1-10,marcoporta.com
germany,2020,FGu1UElDdapMdazayv7WhQjRRzeG,retail,linkedin.com/company/missforty,hardt,missforty germany gmbh,north rhine-westphalia,1-10,missforty.de
germany,,5dGyXbrapxTt9uH9lYfxxAuiowGb,retail,linkedin.com/company/autohaus-markwardt-zossen-gmbh,zossen,autohaus markwardt-zossen gmbh,brandenburg,1-10,
germany,,J3zfN8oN45nEz7mJrEfEhgl6uROa,retail,linkedin.com/company/braun-schulbedarf,erding,braun schulbedarf,bavaria,1-10,schulbedarf.de
germany,,pMx9gV9g7eB3BdDCVTIwRwXKrX07,retail,linkedin.com/company/km-kaczmarek-motorsport,plate,km kaczmarek motorsport,mecklenburg-vorpommern,11-50,hondaschwerin.de
germany,2016,m2V0mEMFfm6R3sTa6T0dvA5E31oR,retail,linkedin.com/company/nutzrad-studio-gmbh-libelle-lastenrad.de,leipzig,leichtlast/ nutzrad-studio gmbh,saxony,1-10,libelle-lastenrad.de
germany,,tTQ5uoRE4TQjucMQUjOAwg3GMFNI,retail,linkedin.com/company/casarettoart,verden,casarettoart,lower saxony,11-50,casaretto-art.de
germany,2015,5UFGeu2c5LYeNzkxsHCqKQ4wcJ8X,retail,linkedin.com/company/easycarsger,neckartenzlingen,easy cars,baden-württemberg,1-10,easycars-nt.de
germany,2022,byuF5CctPOUwiWcGXEzBvgKuyr6G,retail,linkedin.com/company/nippli,bad vilbel,nippli,hesse,1-10,nippli.de
germany,,zRBnnBpKwVTo4nceY6rGwATBCajQ,retail,linkedin.com/company/carolus-shop,aachen,carolus shop,north rhine-westphalia,1-10,carolusshop.de
germany,,kBZbLx72jSUhRYhITxLL5wxKDvwI,retail,linkedin.com/company/nox24,marl,nox24,lower saxony,11-50,nox24.com
germany,,UqEUlUnJYEZDFLD60AOAaAXppH5n,retail,linkedin.com/company/hala-dichtungen-und-isolierteile,deizisau,hala dichtungen und isolierteile,baden-württemberg,1-10,
germany,,X9RPPCxiRQCC9U2C7WToqgZhXrtk,retail,linkedin.com/company/avira-operations,tettnang,avira operations,baden-württemberg,1-10,
germany,,4OQQW2QE7mtdW8uw2VXedgd0SOLX,retail,linkedin.com/company/edeka-günter-dorok,fürth,edeka günter dorok,bavaria,1-10,
germany,,hLdf2ZGfEUQPBpPT6L2gLgV6lqcm,retail,linkedin.com/company/lies-in-layers-gmbh,hamburg,lies in layers gmbh,hamburg,1-10,liesinlayers.com
germany,,2BGm1lIzlG49EjjDBxG2gQzOwXm7,retail,linkedin.com/company/salon-gabriela,,salon gabriela,,1-10,salongabriela.pl
germany,,03oS290DgChRcLZ7RZ2xXgHRCctT,retail,linkedin.com/company/nature&fashion,speyer,nature&fashion,rhineland-palatinate,1-10,nature-fashion.eu
germany,,T1ffjFXBMGnoa5YeIOKBCAqvi9Rv,retail,linkedin.com/company/gummistiefelhaus,,gummistiefelhaus,,1-10,gummistiefelhaus.com
germany,,MGyaPFKelH8Q3ONWTyGCGACvM1JY,retail,linkedin.com/company/parole-buchhandlung,emmendingen,parole buchhandlung,baden-württemberg,11-50,parole-buch.de
germany,,gWb7Mb26dR5RloVt3AxSBwLEMVTG,retail,linkedin.com/company/maison-ruppert,,maison ruppert,,1-10,
germany,1987,fdQCESy93BUCtQ2aJLvNQQAeyrCG,retail,linkedin.com/company/gunsails,saarbrücken,gunsails,saarland,11-50,gunsails.com
germany,2013,cYP9AgPCUuwnJPMaitgDowWmsnfd,retail,linkedin.com/company/glückstreter,bremen,glückstreter,bremen,1-10,glueckstreter.de
germany,,EJYBB3UnyJ2xiBZUbGJMCgYF0pFU,retail,linkedin.com/company/inis-online-gallery-online-shop,bottrop,inis-online-gallery online-shop,north rhine-westphalia,1-10,inis-online-gallery.de
germany,,5ce9DBtLLz5lOYxdtYBosAFqpyd2,retail,linkedin.com/company/kremer.-die-natur-talente.,lennestadt,kremer. die natur-talente.,north rhine-westphalia,1-10,
germany,,Exnz09dR2C4a42XcJ9km3gLcfSBS,retail,linkedin.com/company/kalendersale.de,hamburg,kalendersale.de,hamburg,1-10,
germany,,BKDjuMg4tF9IFURGfqCmeQDYRAxL,retail,linkedin.com/company/autohaus-lehr-gmbh,wiesloch,autohaus lehr gmbh,baden-württemberg,1-10,autohaus-lehr.de
germany,,4A1IBQBOhmoxDBKyx3X11gxCh5uj,retail,linkedin.com/company/joachim-bartz-schmuck,muldenhammer,joachim bartz schmuck,saxony,1-10,joachimbartz.de
germany,,V1CqmjSHcy74ER7bdCE8AAaqrK6v,retail,linkedin.com/company/vivalavida---wein-spirituosen-und-feinkost,hannover,"vivalavida - wein, spirituosen und feinkost",lower saxony,1-10,vivalavida.de
germany,,uI3f2C4omR4IHdgYwN8gCgighqq6,retail,linkedin.com/company/hausladen-medotech,straubing,hausladen medotech,bavaria,11-50,hausladen-medotech.de
germany,,V6yRqtBbjWGTlwsLKUbYJQFGs4x9,retail,linkedin.com/company/till-eulenspiegel-apotheke,braunschweig,till eulenspiegel-apotheke,lower saxony,1-10,till-apotheke-app.de
germany,,enqwIC7M6fuSlXQATkV1Bg5unffN,retail,linkedin.com/company/wasserbetten-gmbh,schwerin,wasserbetten gmbh,mecklenburg-vorpommern,1-10,natuerlich-wasserbetten.de
germany,,0cjFIGn0GM97roPBBjjKvwtTA4zO,retail,linkedin.com/company/lidldigital,neckarsulm,lidl digital,baden-württemberg,501-1000,digital.lidl
germany,,crVvpEUiByjQZ2g4b6WHaglG75pO,retail,linkedin.com/company/leckermaul---artgerechte-tiernahrung-inh.-arjan-bol,bielefeld,"leckermaul - artgerechte tiernahrung, inh. arjan bol",north rhine-westphalia,1-10,leckermaul-tiernahrung.de
germany,,ec3B0G3y8ra3B2hU2OtXTQrQ7Pju,retail,linkedin.com/company/haesa,braunschweig,haesa,lower saxony,1-10,haesa.de
germany,,p9QCeagr1vZC4Z81rXSKVAKR7CDg,retail,linkedin.com/company/aima-supermarkt,berlin,aima supermarkt,berlin,1-10,
germany,,kQzcJOKoPnAtoGrUcIBx6AYV10Ip,retail,linkedin.com/company/four-square-optic-s.r.o.,neugersdorf,four square optic s.r.o.,saxony,1-10,4s-optic.cz
germany,,rkxZ7GP4kB2Zd8nfYMHsGA0hKsRm,retail,linkedin.com/company/white-pearl-braut-ambiente,rheine,white pearl braut ambiente,north rhine-westphalia,1-10,xn--brautkleider-mnsterland-ppc.de
germany,,Ij0f24HWGF8jERHiq7WFcABd8u9S,retail,linkedin.com/company/w.-grötzinger,königsbach-stein,w. grötzinger,baden-württemberg,1-10,groetzinger-bild.de
germany,,B1ip4tvxSbOqnBK2jMYqOgABzKMN,retail,linkedin.com/company/bikeambulanz,regensburg,bikeambulanz,bavaria,11-50,bikeambulanz.com
germany,,bmKIHivGeCwSfcWhNY61DwiOPbC2,retail,linkedin.com/company/hudební-dům.cz,dresden,hudební dům.cz,saxony,1-10,hudebni-dum.cz
germany,,MNxghfcBIBJ4U6naXB04NQSta3Zj,retail,linkedin.com/company/decks-records-ohg,parchim,decks records ohg,mecklenburg-vorpommern,1-10,
germany,,mxKg9ZBpO5bnvLX60M4hnQFHEpkd,retail,linkedin.com/company/invitas-ggmbh,schneeberg,invitas ggmbh,saxony,1-10,invitas.org
germany,,vEYbtqwAQUUrTUjLA0iLTgMPi44w,retail,linkedin.com/company/buchhandlung-moller,bad lauterberg,buchhandlung moller,lower saxony,1-10,buchwichtel.com
germany,2023,ZZoJV2eHjBC5ArXVjqotugByW7B3,retail,linkedin.com/company/liebesloeffel,dortmund,liebeslöffel,north rhine-westphalia,1-10,liebesloffel.com
germany,,D4BQoZxxMzBkEWmz7jEaBAOr27mn,retail,linkedin.com/company/paul-lincke-apotheke-in-10999-berlin,berlin kreuzberg,paul-lincke-apotheke in 10999 berlin,berlin,1-10,paul-lincke-apotheke-kreuzberg.berlin
germany,,YJ2KCEcQb9YecXeAxVsrQwf3PtA4,retail,linkedin.com/company/pandora-store,lübeck,pandora store,schleswig-holstein,1-10,
germany,,rmA35v8S9KKChjtGJCxWEQPdSXQD,retail,linkedin.com/company/d.-brüggenkamp,hagen,d. brüggenkamp,north rhine-westphalia,1-10,teach-area.de
germany,,mHCWVSIiLzp9qH2TLhySlgDDXdlj,retail,linkedin.com/company/galerie-gerda-bassenge,berlin,galerie gerda bassenge,berlin,1-10,
germany,,L78wWzs83frWjHnjLRLaNAJWc2uK,retail,linkedin.com/company/baustoffgroßhandlung-hermann-schölermann-gmbh-&-co.-kg,otterndorf,baustoffgroßhandlung hermann schölermann gmbh & co. kg,lower saxony,1-10,schoelermann.de
germany,,yB8ISicty2ImdzRM6ayRWAMxz6L5,retail,linkedin.com/company/tüv-plus-rheinland-gmbh-kfz-zulassungsdienst,siegen,tüv plus rheinland gmbh kfz-zulassungsdienst,north rhine-westphalia,1-10,tuev-plus.de
germany,,NwuJbdjeTNGXGA4bbxXJBAPakan4,retail,linkedin.com/company/samuelis-baumgarte,bielefeld,samuelis baumgarte,north rhine-westphalia,1-10,
germany,,4GYXTnhZmhCzerO2pqlETAO8BiiI,retail,linkedin.com/company/bumis,ehingen an der donau,bumis,baden-württemberg,1-10,bumis.de
germany,,qAAJzkBUFfFeyBgbDy2wZA3ChmWX,retail,linkedin.com/company/druckwerk-ks,vallendar,druckwerk-ks,rhineland-palatinate,1-10,druckwerk-ks.de
germany,,tCogjimgoqkKG9aXjmmheAsJxtE3,retail,linkedin.com/company/küchen-spannrad,langquaid,küchen spannrad,bavaria,11-50,spannrad.de
germany,,KenVAtFCCw4itpFOHUyQRgNQUpqN,retail,linkedin.com/company/auktionshaus-viktualienmarkt-gmbh,munich,auktionshaus viktualienmarkt gmbh,bavaria,1-10,avmuc.de
germany,2021,S8mdvMWf3SyioFH8rkft6AesH7hs,retail,linkedin.com/company/ulrichapotheke,tiefenbach,ulrich-apotheke,bavaria,1-10,ulrich-apotheke-tiefenbach.de
germany,,CrCHQgzT3xCnj0dSlCGAmQRlTBZ8,retail,linkedin.com/company/kleidsam---designer-second-hand,augsburg,kleidsam - designer second hand,bavaria,11-50,kleidsamaugsburg.de
germany,,9tz0JCmPvBTwz86Js8tntwpS4ifI,retail,linkedin.com/company/specialized-concept-store-velocentrum,magdeburg,specialized concept store velocentrum,saxony-anhalt,11-50,velo-centrum.cz
germany,,TdCOPxzOa2fLoAn17RvOsAIZRvmy,retail,linkedin.com/company/forum-apotheke-ohg-frank-menges,nuremberg,forum apotheke ohg frank menges,bavaria,11-50,forum-apo-nbg.de
germany,,wUBrLjZ6ttS648vGoTeDTAPyjJj7,retail,linkedin.com/company/sin-a-matic,nuremberg,sin-a-matic,bavaria,1-10,sin-a-matic.com
germany,,IT0nCzj9q5xBivHy3WZOMgHzGffE,retail,linkedin.com/company/modeagentur-nicole-richter,kleinmachnow,modeagentur nicole richter,brandenburg,1-10,richter-mode.de
germany,,cWr73CU2WmtKKDtBTj3fcQvxlpz9,retail,linkedin.com/company/dutschke-zweirad-center-fahrradhandel,bremen,dutschke zweirad-center fahrradhandel,bremen,11-50,zweirad-dutschke.de
germany,,ry1Q4xXWvoNC7qo4UJ2d8wOoFmPc,retail,linkedin.com/company/r.-und-m.-riexinger,bad wildbad,r. und m. riexinger,baden-württemberg,1-10,computer-riexinger.de
germany,,EgZIodkMda9Pg8FJsOnBzgG9YnmT,retail,linkedin.com/company/ms.-marry-me,straubing,ms. marry me,bavaria,1-10,ms-marry-me.com
germany,,ytKKG3CBvWsXv2PXYIgW4gHHtDz7,retail,linkedin.com/company/musikschule-ebermannstadt,ebermannstadt,musikschule ebermannstadt,bavaria,1-10,
germany,1976,pZP4KHiAZ6LSV26TNYd2dQqaTrfZ,retail,linkedin.com/company/harley-davidson-rhein-neckar,ludwigshafen,harley-davidson rhein-neckar,rhineland-palatinate,11-50,
germany,2016,HjyC8fdNEgEuWaazMQLLhwEPs7vZ,retail,linkedin.com/company/sonnenschutz-direkt,schmalkalden,sonnenschutz-direkt,thuringia,1-10,sonnenschutzsysteme.de
germany,,jmc9pj9CHf2lAuCj6VWcrwAo0dCp,retail,linkedin.com/company/klein-marco-pro-schlafen,kastellaun,klein marco pro-schlafen,rhineland-palatinate,1-10,pro-schlafen.de
germany,,9f3RfgEX9WdyoxBaGGLL0gIZZFnI,retail,linkedin.com/company/griewaldt,parchim,griewaldt,mecklenburg-vorpommern,1-10,griewaldt.de
germany,,ZoQtsmEqR4eMyDN4a5Cz0QSvqDrd,retail,linkedin.com/company/fiets-shop-harry-roosken,emlichheim,fiets-shop harry roosken,lower saxony,1-10,harryroosken.nl
germany,,gse95KM3OWCU1yX1puRl1ABXhCg2,retail,linkedin.com/company/autocenter-karlsruhe,karlsruhe,autocenter karlsruhe,baden-württemberg,1-10,autocenter-karlsruhe.business.site
germany,,1NO9OclgEsMJeTBbndFObAydlsud,retail,linkedin.com/company/fries-maßsättel,loose,fries maßsättel,schleswig-holstein,1-10,reitsport-fries.de
germany,,t3SIzBUiD0uthV15FR02YgqrWrOb,retail,linkedin.com/company/madeira-garne,fürstenwalde/spree,madeira garne,brandenburg,1-10,madeira.de
germany,,5VcA2Gwijy2MDChLnRKTlwAtQCXz,retail,linkedin.com/company/autohaus-karl-oster-toyota,dittenheim,autohaus karl oster toyota,bavaria,11-50,auto-oster.de
germany,,5zYCuWviJazFubAEUlf4ugoSZjI6,retail,linkedin.com/company/schmidener-küchenstudio-holder,fellbach,schmidener küchenstudio holder,baden-württemberg,11-50,schmidener-kuechenstudio.de
germany,,HXW7ef5dK2jxM4qzrvpuCQ9gBqJn,retail,linkedin.com/company/escapade-womens-fashion,rostock,escapade womens fashion,mecklenburg-vorpommern,1-10,escapade-mode.de
germany,,cAJAC2ZqC1tQBXvPxACTJQTRWCWS,retail,linkedin.com/company/drainmasterde,berlin,drainmaster,berlin,1-10,drain-master.de
germany,1908,Ve2FACmDyXdL4EEUiEHFBw20hrwO,retail,linkedin.com/company/moebelvoigt,eula,möbel voigt,saxony,11-50,moebel-voigt.de
germany,,HC1HL7XUtG6fRub6Aa1WsQHiumZp,retail,linkedin.com/company/bernhard-braun,ruhla,bernhard braun,thuringia,1-10,dreherei-bernhard-braun.de
germany,,D89s1UhqUwH7qQaubkHbowr7cihF,retail,linkedin.com/company/autohaus-hescher.de,dresden,autohaus-hescher.de,saxony,1-10,autohaus-hescher.de
germany,,EFJmKNc1jnEyHlCJBuoAbwz5yeTS,retail,linkedin.com/company/nokia-network-terminals,herscheid,nokia network terminals,north rhine-westphalia,1-10,
germany,,MuAKkLjbZDJei2SkivIh3wk1pWLe,retail,linkedin.com/company/handelsverband-hessen,frankfurt,handelsverband hessen e.v.,hesse,11-50,hvhessen.de
germany,,BLr1ihgGy2vLJH3K4XLSvAtwE3G6,retail,linkedin.com/company/bono-küchenmarkt,göttingen,bono küchenmarkt,lower saxony,1-10,bono-kuechenmarkt.de
germany,,0e1c31wG2lGG2M7Zi5Cm5wb93Thv,retail,linkedin.com/company/liebling-der-babyladen,dresden,"liebling, der babyladen",saxony,1-10,liebling-baby.de
germany,,zBZY6UCabS2no7kCYQvBFAx1nJcZ,retail,linkedin.com/company/subsonicstore,erfurt,subsonicstore,thuringia,1-10,subsonicstore.de
germany,,A3wWlSYNwztFYppOmhAk6QQAF5mM,retail,linkedin.com/company/auto-scholz-avs,gera,auto-scholz-avs,thuringia,1-10,
germany,,rDQSUCltHAcjw87iUgHOQAOduH97,retail,linkedin.com/company/auto-service-port,schwalbach,auto service port,saarland,1-10,auto-service-port.de
germany,,k3Cz7Pvee5ISbGFLpUjECwkFjvLJ,retail,linkedin.com/company/optik-hirt,darmstadt,optik hirt,hesse,1-10,hirt.de
germany,,qtD6kBvH9Si9qigASRHZ3gxRKNff,retail,linkedin.com/company/wmf-store,geislingen an der steige,wmf store,baden-württemberg,1-10,
germany,,5eW0W3TeTNs9gR3VOCEM4waIyCC6,retail,linkedin.com/company/börd,stuttgart,börd,baden-württemberg,1-10,boerd.org
germany,,HrksSt7tq7dcFf6Q9GyOXQVLBp58,retail,linkedin.com/company/junghähnel,leuna,junghähnel,saxony-anhalt,1-10,junghaehnel.de
germany,,C6GFImpghBo8wzYCdtSwdwAsB7ai,retail,linkedin.com/company/tinten-nachfüll-express,stuttgart,tinten-nachfüll express,baden-württemberg,1-10,tinten-express.com
germany,,0AWed6cW7hS3BM2OifnCbAlzRE19,retail,linkedin.com/company/amazing-fantasy-comic-shop,point,amazing fantasy comic shop,bavaria,1-10,afbooks.com
germany,,cPCx5WHCWEcPRgp77s0KVwxu6rcH,retail,linkedin.com/company/violetta-sitzkomfort-gmbh,spenge,violetta sitzkomfort gmbh,north rhine-westphalia,1-10,violetta24.de
germany,,SzCvGMOaeL96SAzfW9ICKAd6AmtM,retail,linkedin.com/company/music-center-filibe,bensheim,music center filibe,hesse,1-10,music-filibe.com
germany,,M2VubaTyduj6CVj4Vy5zpgzKiwwM,retail,linkedin.com/company/jumpmax,göggingen,jumpmax,baden-württemberg,1-10,jumpmax.de
germany,,hH8UUZlMa17t0SGQEpEK9wDONVNf,retail,linkedin.com/company/gert-hungeling,wolfenbüttel,gert hungeling,lower saxony,1-10,
germany,,zU30shKynFYbCgPWAZD3sAqdOlBq,retail,linkedin.com/company/st.-ulrich-apotheke-dieter-münzenrieder-e.kfm.,weißenhorn,st. ulrich-apotheke dieter münzenrieder e.kfm.,bavaria,1-10,st-ulrich-apotheke-app.de
germany,,Kjfpa2BlmFCB3YkYxvOjSgfl0SjA,retail,linkedin.com/company/themyricals,hamburg,myricals,hamburg,1-10,themyricals.de
germany,,tAGrEjBMPH6PGYEdePijtwfkgNcd,retail,linkedin.com/company/eatjoice,berlin,joice (eatjoice.de),berlin,1-10,eatjoice.de
germany,,3aDUmNKKPfK4FDrCC0Vs7QxU9WbD,retail,linkedin.com/company/mt-sicherheit,mengen,mt sicherheit,baden-württemberg,1-10,mt-sicherheit.de
germany,,r3rT6xHPdJ1YFL61hUbp9gW0jceI,retail,linkedin.com/company/buchhandlung-bücherpunkt,blaubeuren,buchhandlung bücherpunkt,baden-württemberg,1-10,buecherpunkt-blaubeuren.de
germany,,DKdbrjyNofI5LtLeIe76XwLGi3Oy,retail,linkedin.com/company/optik-ernst-gmbh,essen,optik ernst gmbh,north rhine-westphalia,1-10,optikernst.de
germany,,IE8tciqJK3yClCEYQ2cYwgipv5JV,retail,linkedin.com/company/bigairmax,monschau,bigairmax,north rhine-westphalia,11-50,bigairmax.com
germany,,84mXIz2SC9xtuBZZmRaNCAxyRTAz,retail,linkedin.com/company/autoankauf-ilman,bochum,autoankauf ilman,north rhine-westphalia,1-10,autoankauf-ilman.de
germany,,UjtK81ztuuQUD9C80ATsuA2jbs1U,retail,linkedin.com/company/reptilienkosmos,niederkrüchten,reptilienkosmos,north rhine-westphalia,11-50,reptilienkosmos.de
germany,,a1KLxtqvGVchj4U7H71QcQA7FSZi,retail,linkedin.com/company/kaave-ug,paderborn,kaave ug,north rhine-westphalia,1-10,
germany,,YJqnsnowZOCctAvMj3WBzwkzCs1J,retail,linkedin.com/company/engelhardt-&-walter-das-herrenhaus,lauf,engelhardt & walter das herrenhaus,bavaria,1-10,
germany,2005,drXRRCEG5mdPCDeMBEGBAQi1Spa1,retail,linkedin.com/company/servietten-wimmel,bad sachsa,wimmel nakins,lower saxony,1-10,servietten-wimmel.de
germany,2023,uTQeVgV3Di3olYl5BUy3FguHioeA,retail,linkedin.com/company/wittenberg-design,bochum,wittenberg design,north rhine-westphalia,1-10,wittenberg-design.de
germany,,WTD06AJEfXyUSij8Ubp63wK5lzjT,retail,linkedin.com/company/otto-kreuder-e.k.,wermelskirchen,otto kreuder e.k.,north rhine-westphalia,1-10,
germany,,fTfD8R4xphALQR9zfs3Xagsc7s2S,retail,linkedin.com/company/fahrrad-meyer,ballenstedt,fahrrad meyer,saxony-anhalt,1-10,fahrrad-meyer-harz.de
germany,,prPf7tNVNOhdCTrv06fY8Qbe8Pul,retail,linkedin.com/company/blumen-alber,filderstadt,blumen alber,baden-württemberg,1-10,blumen-alber.de
germany,,oyudi3MWV8XWmmPa8BupNQmETWfq,retail,linkedin.com/company/la-gamine,wiesbaden,la gamine,hesse,1-10,lagamine.de
germany,,nZ0DZyhbkW62QG8EV9xjLQ7HCC4E,retail,linkedin.com/company/ocoo,hamburg,ocoo,hamburg,1-10,ocoo.de
germany,,RZvzKbD8FuS3V01WMaoWUAj9QCtj,retail,linkedin.com/company/dibeagmbh,kleve,dibea,north rhine-westphalia,11-50,dibea.de
germany,,CBbMcCVLcR3BlxLp7E8fPQmODrBt,retail,linkedin.com/company/geißler-&-lewandrowski,berlin,geißler & lewandrowski,berlin,1-10,gl-restaurierung.de
germany,,rbKtxWnHOcSbk3eyCSlrqAQXVy1V,retail,linkedin.com/company/juwelier-rahls,celle,juwelier rahls,lower saxony,1-10,juwelier-rahls.de
germany,,b4oYT542BweZgYm7sKXyBwBKK7gy,retail,linkedin.com/company/hagspiel,immenstadt im allgäu,hagspiel,bavaria,1-10,hagspiel-kfz.at
germany,,wx9svxBzS4aKiW1mBSHYcAimrsUD,retail,linkedin.com/company/chs-cargo-handling-service-gmbh,düsseldorf,chs cargo handling service gmbh,north rhine-westphalia,1-10,cargohandlingservice.de
germany,,jCHNatbt4jd7c2Cudze9wgiguaFu,retail,linkedin.com/company/et-radio---dein-eurotransportradio,ahlen,et-radio - dein eurotransportradio,north rhine-westphalia,1-10,et-radio.de
germany,,SBB6BukFfZOPPfVcBGydggXnsXhp,retail,linkedin.com/company/oststadt-apotheke-im-stadtmarkt,schwetzingen,oststadt-apotheke im stadtmarkt,baden-württemberg,1-10,
germany,,Ld4Rz4H29boBeL5j6lBC5Qt1uNyH,retail,linkedin.com/company/six-store,konstanz,six store,baden-württemberg,1-10,
germany,,rf2SYxjH9W93pov2wrNJugVHqazg,retail,linkedin.com/company/kts-american-parts-vertriebs--ges.-f.-kraftfahrzeugteile-mbh,bönningstedt,kts american parts vertriebs- ges. f. kraftfahrzeugteile mbh,schleswig-holstein,1-10,kts.de
germany,,A3Usn7gb3wTLapKn1Tf5pAcNeX7F,retail,linkedin.com/company/aot-elektrotechnik-bremen-gmbh,bremen,aot elektrotechnik bremen gmbh,bremen,1-10,aot-technik.de
germany,2011,j0HY2TIocxy4CwSAVc6HFgRFefmY,retail,linkedin.com/company/deinphone-de,berlin,deinphone gmbh,berlin,11-50,deinphone.de
germany,,toIKsVTs7JEuyvYrwg4n4QRGGtgA,retail,linkedin.com/company/hans-jürgen-pape-jeans-on-pape,wandlitz,hans-jürgen pape jeans on pape,brandenburg,1-10,jeanson-pape.de
germany,,4BGSooeDzbg4ItIE8ZWnMAXINHnv,retail,linkedin.com/company/eichendorff-apotheke-in-97072-würzburg,wuerzburg,eichendorff-apotheke in 97072 würzburg,bavaria,11-50,eichendorff-apotheke-wuerzburg.de
germany,,s276397zsVpOlVn9lalbNQsvzust,retail,linkedin.com/company/hps-handels-gmbh,planegg,hps handels gmbh,bavaria,1-10,hps-handel.de
germany,,jCJSOlbziD80B1XxDR8prAx3uRLa,retail,linkedin.com/company/tümmers-videoverleih,düsseldorf,tümmers videoverleih,north rhine-westphalia,1-10,video-tuemmers.de
germany,,f4aaEDiv3mXolza47yxVgAGCigGZ,retail,linkedin.com/company/green--das-sanitätshaus,kiel,green- das sanitätshaus,schleswig-holstein,1-10,green-kiel.de
germany,,1GTcwmXnowb7qmX8vkyWiA8r9Wp2,retail,linkedin.com/company/hhmode,baiersdorf,hhmode,bavaria,1-10,hhmode.de
germany,,AwYZRPpzDpmGNuvMVCOUGAMkgNwk,retail,linkedin.com/company/ayazo-gmbh,freystadt,ayazo gmbh,bavaria,11-50,ayazo.de
germany,,r0AF2Cb0JZzO8wCCVQ3yEAZGe3N4,retail,linkedin.com/company/ahlemeyer-excellent,bad vilbel,ahlemeyer excellent,hesse,1-10,ahlemeyerexcellent.de
germany,,OBBYYKR9r62Ci6z2wV6dCQpHNSU5,retail,linkedin.com/company/herbert-behrens,,herbert behrens,bremen,11-50,herbert-behrens.de
germany,,eyQCjFt3Hp3maXAflu3l3gvTUPDB,retail,linkedin.com/company/jam-car-hifi,berlin,jam car hifi,berlin,1-10,jamcarhifi.de
germany,,cWwYpb9CCTBwkFghiEfTnwkemYHQ,retail,linkedin.com/company/caspers-berlin,berlin,caspers berlin,berlin,1-10,caspersberlin.de
germany,,A3tnEB8nAlZLUvfXqNQHSgvLXYCt,retail,linkedin.com/company/altstadt-foto-aurich-ohg,aurich,altstadt-foto aurich ohg,lower saxony,1-10,altstadtfoto.de
germany,,znBsbFAvJoSGDyJ2f9PUEAT8zy6n,retail,linkedin.com/company/leitl,regensburg,leitl,bavaria,1-10,goldschmiede-leitl.de
germany,2019,TgFx8kWtXswRirAcmAuVhQjOAqMY,retail,linkedin.com/company/mmb-maschinenbau-gmbh,,mmb maschinenbau gmbh,,1-10,maschinenbaummb.de
germany,1963,8Cp4SAsUEzhImkTkArcV6Qi6my7o,retail,linkedin.com/company/stellfeld-ernst,dortmund,stellfeld & ernst gmbh,north rhine-westphalia,201-500,se-freizeitfahrzeuge.de
germany,,6A2L44oZZ9giNHTyQwi43QipUjzP,retail,linkedin.com/company/wdef,großseifen,wdef,rhineland-palatinate,1-10,wdef.de
germany,,4gf4600ZynBtBuJsGdRZBA3naw9G,retail,linkedin.com/company/erika-rieder-antiquitäten,neuss,erika rieder antiquitäten,north rhine-westphalia,1-10,
germany,,4oYWaS3vH02vNYCG1cRHFAJz4Y8Y,retail,linkedin.com/company/peak---die-buchhandlung,berlin,peak - die buchhandlung,berlin,1-10,peak-buch.de
germany,,yiIDu643emPIzlzL1HOIZwFwU0e7,retail,linkedin.com/company/david-mcnaughtan,coburg,david mcnaughtan,bavaria,1-10,mcnaughtan.com
germany,,Mwan3GG5m8xW1mxeQkLgvQN4EAyN,retail,linkedin.com/company/peppinio-moden-birgit-knecht,pliezhausen,peppinio-moden birgit knecht,baden-württemberg,1-10,
germany,,kCAKkZD3CVRpWrQed1cpIw9sbw21,retail,linkedin.com/company/vendilibri,oldenbüttel,vendilibri,schleswig-holstein,1-10,vendilibri.com
germany,,QUKHcGTDHEnlGCYH9lQ7jAi8pNGL,retail,linkedin.com/company/sennhus-blumenladen,opfenbach,sennhus blumenladen,bavaria,11-50,sennhus-blumenladen.at
germany,,CTyYDyQLQ1rqyMaNjCyM0gm3C01L,retail,linkedin.com/company/hauser-&-moritz-brillen-e.k.,bad herrenalb,hauser & moritz brillen e.k.,baden-württemberg,1-10,hauser-moritz.com
germany,,504ZsfV3B7XjPJnx0xk4SAeMjsPC,retail,linkedin.com/company/evag-emder-verkehrs-und-automotive-gesellschaft-mbh,emden,evag emder verkehrs und automotive gesellschaft mbh,lower saxony,201-500,evag.com
germany,,ktcIbfAqLW56CROufBZ17w4ifD52,retail,linkedin.com/company/ofen-renz-gmbh,illertissen,ofen renz gmbh,bavaria,1-10,ofen-renz.de
germany,,W2twvdPHEXNnZ6B8MqW7NwlVLbdm,retail,linkedin.com/company/buddenhagen-handelsges.-mbh-&-co.,ahrensburg,buddenhagen handelsges. mbh & co.,schleswig-holstein,1-10,
germany,,3mhY81W7ZFk2dFWeqkRbEgWLRzWX,retail,linkedin.com/company/antikmarkt,bamberg,antikmarkt,bavaria,1-10,antikmarkt-bamberg.de
germany,,vcrzjxBNKe6nVNon1IJiuAkbXKgd,retail,linkedin.com/company/hamburger-liebe,hamburg,hamburger liebe,hamburg,1-10,hamburgerliebe.blogspot.de
germany,,FZAJItagBfXdrfUqIHQnBAi6i9GD,retail,linkedin.com/company/satori-records,berlin kreuzberg,satori-records,berlin,1-10,
germany,,lKh3WEPeYDQNk1lRr4ilmAoT2Bu4,retail,linkedin.com/company/candy-and-balloon,hamburg,candy and balloon,hamburg,1-10,candyandballoon.de
germany,,JTqxIGDXfY8S7xOLf0a2XA0yNihD,retail,linkedin.com/company/c-&-s-paint-center,,c & s paint center,,1-10,cspaintcenter.com
germany,,06eDYvEclO9RlmPrPDouAgKMlGeW,retail,linkedin.com/company/apotheke-lamme,braunschweig,apotheke lamme,lower saxony,11-50,apothekelamme.de
germany,1790,omhDcSsBDSKrn8C6CmLEcQIvYFbA,retail,linkedin.com/company/knoche-maschinenbau-gmbh,bad nenndorf,knoche maschinenbau gmbh,lower saxony,11-50,knoche-maschinenbau.de
germany,,uj9xRtP79gZfH85uUPhfuQS8BEYm,retail,linkedin.com/company/tuk-floor.-hurtownia-materiałów-budowlanych-elewacje-farby-wykładziny-sucha-zabudowa-knauf,löcknitz,"tuk floor. hurtownia materiałów budowlanych, elewacje, farby, wykładziny, sucha zabudowa, knauf",mecklenburg-vorpommern,1-10,tukfloor.szczecin.pl
germany,,49AGBC09oqMRropTT8KzzAW8FheC,retail,linkedin.com/company/tatmotive,dautmergen,tatmotive,baden-württemberg,1-10,tatmotive.de
germany,,8C9wYIyd6j8ZhJGVWKNNLAEJhVBO,retail,linkedin.com/company/borgmann-poolbau,rellingen,borgmann poolbau,schleswig-holstein,11-50,borgmann-poolbau.de
germany,,hUyV4Bk7IZ0aolpMpfBNNAqLDOfO,retail,linkedin.com/company/ah-enterprise-services-gmbh,haar,ah enterprise services gmbh,bavaria,1-10,
germany,,BPIqW1KYPGAbER8mE3H0GQs3ADiW,retail,linkedin.com/company/merci-cherie,bochum,merci cherie,north rhine-westphalia,1-10,
germany,,tbMHSXD0aPpCbRUnHTZnPwJfZxiz,retail,linkedin.com/company/altdorf-apotheke-in-88250-weingarten,weingarten,altdorf-apotheke in 88250 weingarten,baden-württemberg,11-50,altdorf-apotheke-weingarten.de
germany,2005,XBCb6nPUspO16jqBSCdbygIHUShG,retail,linkedin.com/company/charlesandmarie,königstein im taunus,charles & marie gmbh & co. kg,hesse,1-10,charlesandmarie.de
germany,,tLJl9V1Y5RKjrxpPTo3Rcwh36Y9R,retail,linkedin.com/company/nähmaschinen-czerr---pfaff-husqvarna-viking,lüneburg,nähmaschinen czerr - pfaff / husqvarna-viking,lower saxony,1-10,
germany,,W77jpBUFiJ6Aq0WDtDoIYgrMEUAo,retail,linkedin.com/company/elektro-scheldt-gmbh,rösrath,elektro scheldt gmbh,north rhine-westphalia,11-50,scheldt.de
